task_id,language,document_type,source_file,pdf_page_number,shared_subset,annotator_1,annotator_1_status,annotator_2,annotator_2_status,adjudication_status,notes
annotation-b092a9a87cc5,en,constitution,constitution.pdf,275,no,,not_started,,not_required,not_required,
annotation-8903b0a68211,en,penal_code,Penal-Code I.pdf,72,yes,,not_started,,not_started,not_started,
annotation-6b4b4ab7ff27,si,amendment,Amendment_PenalCode_Sinhala_1980_Dec_11.pdf,9,no,,not_started,,not_required,not_required,
annotation-7210a8878d74,si,constitution,constitution-si.pdf,284,no,,not_started,,not_required,not_required,
annotation-e2853f4ead18,si,penal_code,දණ්ඩ නීති සංග්_රහය.pdf,104,no,,not_started,,not_required,not_required,
annotation-b38534c5f383,en,constitution,constitution.pdf,21,yes,,not_started,,not_started,not_started,
annotation-e3a383658f8c,en,penal_code,Penal-Code I.pdf,142,no,,not_started,,not_required,not_required,
annotation-c569fb7838a4,si,amendment,Amendment_PenalCode_Sinhala_2006_Apr_24.pdf,4,no,,not_started,,not_required,not_required,
annotation-a705d6444f67,si,constitution,constitution-si.pdf,258,no,,not_started,,not_required,not_required,
annotation-dd6a9b1b6051,si,penal_code,දණ්ඩ නීති සංග්_රහය.pdf,85,no,,not_started,,not_required,not_required,
annotation-a61e277adbf6,en,constitution,constitution.pdf,40,no,,not_started,,not_required,not_required,
annotation-242c0c1b44e5,en,penal_code,Penal-Code I.pdf,11,no,,not_started,,not_required,not_required,
annotation-a1c1f22b339b,si,amendment,Amendment_PenalCode_Sinhala_2018_May_21.pdf,2,no,,not_started,,not_required,not_required,
annotation-3b7a32510343,si,constitution,constitution-si.pdf,51,no,,not_started,,not_required,not_required,
annotation-74a048a76fd3,si,penal_code,දණ්ඩ නීති සංග්_රහය.pdf,93,no,,not_started,,not_required,not_required,
annotation-ee3350a75be9,en,constitution,constitution.pdf,124,no,,not_started,,not_required,not_required,
annotation-25cc42539dbf,en,penal_code,Penal-Code I.pdf,79,no,,not_started,,not_required,not_required,
annotation-db5979863018,si,amendment,Amendment_PenalCode_Sinhala_2018_May_21.pdf,3,no,,not_started,,not_required,not_required,
annotation-8eea53ae9fa1,si,constitution,constitution-si.pdf,158,no,,not_started,,not_required,not_required,
annotation-a5e62ad33529,si,penal_code,දණ්ඩ නීති සංග්_රහය.pdf,63,no,,not_started,,not_required,not_required,
annotation-4fcb0e94756f,en,constitution,constitution.pdf,213,no,,not_started,,not_required,not_required,
annotation-3d9a23700227,en,penal_code,Penal-Code I.pdf,30,no,,not_started,,not_required,not_required,
annotation-7674bd222346,si,amendment,Amendment_PenalCode_Sinhala_2021_Jan_18.pdf,8,no,,not_started,,not_required,not_required,
annotation-030804119213,si,constitution,constitution-si.pdf,68,no,,not_started,,not_required,not_required,
annotation-a8a33e827f5c,si,penal_code,දණ්ඩ නීති සංග්_රහය.pdf,74,no,,not_started,,not_required,not_required,
annotation-90937f8d3b50,en,constitution,constitution.pdf,187,no,,not_started,,not_required,not_required,
annotation-4cdb97b0a030,en,penal_code,Penal-Code I.pdf,63,no,,not_started,,not_required,not_required,
annotation-34586dd59afc,si,amendment,Amendment_PenalCode_Sinhala_1980_Dec_11.pdf,7,no,,not_started,,not_required,not_required,
annotation-f77a6abb347b,si,constitution,constitution-si.pdf,142,no,,not_started,,not_required,not_required,
annotation-39d1e2d3f7fb,si,penal_code,දණ්ඩ නීති සංග්_රහය.pdf,136,no,,not_started,,not_required,not_required,
annotation-8199d3664032,en,constitution,constitution.pdf,241,no,,not_started,,not_required,not_required,
annotation-b7b7ed7170e0,en,penal_code,Penal Code.pdf,21,no,,not_started,,not_required,not_required,
annotation-c5dc6751f37d,si,amendment,Amendment_PenalCode_Sinhala_2002_July_17.pdf,1,no,,not_started,,not_required,not_required,
annotation-3b16cf59971b,si,constitution,constitution-si.pdf,227,no,,not_started,,not_required,not_required,
annotation-85e2333c0ca3,si,penal_code,දණ්ඩ නීති සංග්_රහය.pdf,61,no,,not_started,,not_required,not_required,
annotation-95cde77b43af,en,constitution,constitution.pdf,219,no,,not_started,,not_required,not_required,
annotation-a1e87b15f158,en,penal_code,Penal-Code I.pdf,105,no,,not_started,,not_required,not_required,
annotation-bb249a1f956c,si,amendment,Amendment_PenalCode_Sinhala_2021_Jan_18.pdf,6,no,,not_started,,not_required,not_required,
annotation-db45dacb4118,si,constitution,constitution-si.pdf,111,no,,not_started,,not_required,not_required,
annotation-a4d02babb657,si,penal_code,දණ්ඩ නීති සංග්_රහය.pdf,135,no,,not_started,,not_required,not_required,
annotation-7207df851097,en,constitution,constitution.pdf,28,no,,not_started,,not_required,not_required,
annotation-a14581eb6bc9,en,penal_code,Penal Code.pdf,10,yes,,not_started,,not_started,not_started,
annotation-677b4d7d3ceb,si,amendment,Amendment_PenalCode_Sinhala_2021_Jan_18.pdf,7,no,,not_started,,not_required,not_required,
annotation-c38744f0875d,si,constitution,constitution-si.pdf,150,no,,not_started,,not_required,not_required,
annotation-e449dc7a4eda,si,penal_code,දණ්ඩ නීති සංග්_රහය.pdf,27,no,,not_started,,not_required,not_required,
annotation-f0d9c2372c72,en,constitution,constitution.pdf,58,no,,not_started,,not_required,not_required,
annotation-474ba8e74556,en,penal_code,Penal-Code I.pdf,25,no,,not_started,,not_required,not_required,
annotation-2b100c747388,si,amendment,Amendment_PenalCode_Sinhala_2021_Jan_18.pdf,3,no,,not_started,,not_required,not_required,
annotation-5c61ef7ef1ab,si,constitution,constitution-si.pdf,225,no,,not_started,,not_required,not_required,
annotation-4496da8134ad,si,penal_code,දණ්ඩ නීති සංග්_රහය.pdf,79,no,,not_started,,not_required,not_required,
annotation-2b6e220c5fb4,en,constitution,constitution.pdf,224,yes,,not_started,,not_started,not_started,
annotation-323b8d5cec0c,en,penal_code,Penal-Code I.pdf,50,no,,not_started,,not_required,not_required,
annotation-042d2075e0b3,si,amendment,Amendment_PenalCode_Sinhala_2006_Apr_24.pdf,12,yes,,not_started,,not_started,not_started,
annotation-fae040554570,si,constitution,constitution-si.pdf,111,no,,not_started,,not_required,not_required,
annotation-b4404b5e475d,si,penal_code,දණ්ඩ නීති සංග්_රහය.pdf,121,no,,not_started,,not_required,not_required,
annotation-bc78c2656156,en,constitution,constitution.pdf,183,no,,not_started,,not_required,not_required,
annotation-66c220435c59,en,penal_code,Penal-Code I.pdf,29,yes,,not_started,,not_started,not_started,
annotation-a8394ed44edb,si,amendment,Amendment_PenalCode_Sinhala_2021_Jan_18.pdf,4,no,,not_started,,not_required,not_required,
annotation-b5b18f1a0b67,si,constitution,constitution-si.pdf,189,no,,not_started,,not_required,not_required,
annotation-686e8a96c13b,si,penal_code,දණ්ඩ නීති සංග්_රහය.pdf,95,no,,not_started,,not_required,not_required,
annotation-145aba71f3d3,en,constitution,constitution.pdf,60,yes,,not_started,,not_started,not_started,
annotation-9e1d4cb00986,en,penal_code,Penal Code.pdf,42,no,,not_started,,not_required,not_required,
annotation-9883086fda35,si,amendment,Amendment_PenalCode_Sinhala_2021_Jan_18.pdf,3,no,,not_started,,not_required,not_required,
annotation-b2e0fc053c1f,si,constitution,constitution-si.pdf,109,no,,not_started,,not_required,not_required,
annotation-b6ba7fbee83d,si,penal_code,දණ්ඩ නීති සංග්_රහය.pdf,20,no,,not_started,,not_required,not_required,
annotation-ee1de8e1bf1f,en,constitution,constitution.pdf,123,no,,not_started,,not_required,not_required,
annotation-9a5d5b707972,en,penal_code,Penal-Code I.pdf,33,no,,not_started,,not_required,not_required,
annotation-8ac86fb88d1e,si,amendment,Amendment_PenalCode_Sinhala_2018_May_21.pdf,2,no,,not_started,,not_required,not_required,
annotation-aaeaf9f875b4,si,constitution,constitution-si.pdf,256,no,,not_started,,not_required,not_required,
annotation-b83f15f3a648,si,penal_code,දණ්ඩ නීති සංග්_රහය.pdf,77,no,,not_started,,not_required,not_required,
annotation-60d8e176cd01,en,constitution,constitution.pdf,300,no,,not_started,,not_required,not_required,
annotation-7cc1c1477a30,en,penal_code,Penal-Code I.pdf,94,no,,not_started,,not_required,not_required,
annotation-440185db6977,si,amendment,Amendment_PenalCode_Sinhala_2021_Jan_18.pdf,5,no,,not_started,,not_required,not_required,
annotation-f903be9fd8f8,si,constitution,constitution-si.pdf,145,no,,not_started,,not_required,not_required,
annotation-3fe6ae288ed9,si,penal_code,දණ්ඩ නීති සංග්_රහය.pdf,132,no,,not_started,,not_required,not_required,
annotation-235c923e0165,en,constitution,constitution.pdf,306,no,,not_started,,not_required,not_required,
annotation-fbe5e422f2e7,en,penal_code,Penal-Code I.pdf,44,no,,not_started,,not_required,not_required,
annotation-25de20f50bb6,si,amendment,Amendment_PenalCode_Sinhala_2006_Apr_24.pdf,13,no,,not_started,,not_required,not_required,
annotation-cdf083a2c19f,si,constitution,constitution-si.pdf,197,no,,not_started,,not_required,not_required,
annotation-927f06e54451,si,penal_code,දණ්ඩ නීති සංග්_රහය.pdf,53,no,,not_started,,not_required,not_required,
annotation-700b5aaa7014,en,constitution,constitution.pdf,96,no,,not_started,,not_required,not_required,
annotation-4255c0092ba0,en,penal_code,Penal Code.pdf,8,no,,not_started,,not_required,not_required,
annotation-d3c7d8fc1e45,si,amendment,Amendment_PenalCode_Sinhala_2002_July_17.pdf,2,no,,not_started,,not_required,not_required,
annotation-2b4f61988ebb,si,constitution,constitution-si.pdf,16,no,,not_started,,not_required,not_required,
annotation-4ec7ede24962,si,penal_code,දණ්ඩ නීති සංග්_රහය.pdf,116,no,,not_started,,not_required,not_required,
annotation-ea6f9dc105b7,en,constitution,constitution.pdf,296,no,,not_started,,not_required,not_required,
annotation-f6fa5886d80d,en,penal_code,Penal-Code I.pdf,163,no,,not_started,,not_required,not_required,
annotation-4136a1460067,si,amendment,Amendment_PenalCode_Sinhala_1980_Dec_11.pdf,1,no,,not_started,,not_required,not_required,
annotation-04df578bbd55,si,constitution,constitution-si.pdf,239,no,,not_started,,not_required,not_required,
annotation-8ce3e3b86cd1,si,penal_code,දණ්ඩ නීති සංග්_රහය.pdf,82,no,,not_started,,not_required,not_required,
annotation-b29ec34eb75d,en,constitution,constitution.pdf,45,no,,not_started,,not_required,not_required,
annotation-409590248b38,en,penal_code,Penal-Code I.pdf,56,no,,not_started,,not_required,not_required,
annotation-6901b1ee4f23,si,amendment,Amendment_PenalCode_Sinhala_2021_Jan_18.pdf,6,no,,not_started,,not_required,not_required,
annotation-0ce0e2e1af72,si,constitution,constitution-si.pdf,114,no,,not_started,,not_required,not_required,
annotation-6cc098bd2620,si,penal_code,දණ්ඩ නීති සංග්_රහය.pdf,104,no,,not_started,,not_required,not_required,
annotation-7a6f51b8c261,en,constitution,constitution.pdf,55,no,,not_started,,not_required,not_required,
annotation-451d5aacc95d,en,penal_code,Penal Code.pdf,67,no,,not_started,,not_required,not_required,
annotation-e3344d980fe0,si,amendment,Amendment_PenalCode_Sinhala_1980_Dec_11.pdf,6,no,,not_started,,not_required,not_required,
annotation-c42abb00ee1e,si,constitution,constitution-si.pdf,283,no,,not_started,,not_required,not_required,
annotation-ef18e49e2c74,si,penal_code,දණ්ඩ නීති සංග්_රහය.pdf,108,no,,not_started,,not_required,not_required,
annotation-1a7a428f0ef9,en,constitution,constitution.pdf,136,no,,not_started,,not_required,not_required,
annotation-16979e954550,en,penal_code,Penal-Code I.pdf,177,no,,not_started,,not_required,not_required,
annotation-dde53fbf80b5,si,amendment,Amendment_PenalCode_Sinhala_1980_Dec_11.pdf,7,no,,not_started,,not_required,not_required,
annotation-94f3b2e38fa7,si,constitution,constitution-si.pdf,81,no,,not_started,,not_required,not_required,
annotation-cefca2de753e,si,penal_code,දණ්ඩ නීති සංග්_රහය.pdf,130,no,,not_started,,not_required,not_required,
annotation-7b85bf3bf7af,en,constitution,constitution.pdf,198,no,,not_started,,not_required,not_required,
annotation-674dc552d588,en,penal_code,Penal Code.pdf,21,no,,not_started,,not_required,not_required,
annotation-de1244748c28,si,amendment,Amendment_PenalCode_Sinhala_2006_Apr_24.pdf,2,yes,,not_started,,not_started,not_started,
annotation-9d0f3ad26003,si,constitution,constitution-si.pdf,207,no,,not_started,,not_required,not_required,
annotation-e59ee09d038f,si,penal_code,දණ්ඩ නීති සංග්_රහය.pdf,44,no,,not_started,,not_required,not_required,
annotation-be576a444cf4,en,constitution,constitution.pdf,79,no,,not_started,,not_required,not_required,
annotation-3288bbe4e0d7,en,penal_code,Penal Code.pdf,39,no,,not_started,,not_required,not_required,
annotation-798d8833f8ad,si,amendment,Amendment_PenalCode_Sinhala_1980_Dec_11.pdf,7,no,,not_started,,not_required,not_required,
annotation-723a2a88513c,si,constitution,constitution-si.pdf,83,no,,not_started,,not_required,not_required,
annotation-4552af3abf2a,si,penal_code,දණ්ඩ නීති සංග්_රහය.pdf,31,yes,,not_started,,not_started,not_started,
annotation-a3dd227cc785,en,constitution,constitution.pdf,20,no,,not_started,,not_required,not_required,
annotation-eb875a1f581a,en,penal_code,Penal Code.pdf,55,no,,not_started,,not_required,not_required,
annotation-00fe4232f313,si,amendment,Amendment_PenalCode_Sinhala_2006_Apr_24.pdf,14,no,,not_started,,not_required,not_required,
annotation-6319355c4eda,si,constitution,constitution-si.pdf,47,no,,not_started,,not_required,not_required,
annotation-8be56213ae89,si,penal_code,දණ්ඩ නීති සංග්_රහය.pdf,65,no,,not_started,,not_required,not_required,
annotation-f744dae32a0f,en,constitution,constitution.pdf,98,no,,not_started,,not_required,not_required,
annotation-a52be597363d,en,penal_code,Penal-Code I.pdf,188,no,,not_started,,not_required,not_required,
annotation-45e240fa0387,si,amendment,Amendment_PenalCode_Sinhala_1980_Dec_11.pdf,1,yes,,not_started,,not_started,not_started,
annotation-e39f85e910e4,si,constitution,constitution-si.pdf,281,no,,not_started,,not_required,not_required,
annotation-32eac5d3c6f7,si,penal_code,දණ්ඩ නීති සංග්_රහය.pdf,115,no,,not_started,,not_required,not_required,
annotation-4d380147660e,en,constitution,constitution.pdf,77,no,,not_started,,not_required,not_required,
annotation-c33037d41162,en,penal_code,Penal Code.pdf,40,no,,not_started,,not_required,not_required,
annotation-4fcddcc86eff,si,amendment,Amendment_PenalCode_Sinhala_2021_Oct_26.pdf,1,no,,not_started,,not_required,not_required,
annotation-a229e39716aa,si,constitution,constitution-si.pdf,230,yes,,not_started,,not_started,not_started,
annotation-bb4047d7358e,si,penal_code,දණ්ඩ නීති සංග්_රහය.pdf,68,no,,not_started,,not_required,not_required,
annotation-6f1738d4baa1,en,constitution,constitution.pdf,174,no,,not_started,,not_required,not_required,
annotation-13fead607c58,en,penal_code,Penal Code.pdf,14,no,,not_started,,not_required,not_required,
annotation-dbaf64fcd7d3,si,amendment,Amendment_PenalCode_Sinhala_2006_Apr_24.pdf,4,no,,not_started,,not_required,not_required,
annotation-dc8a4e367e0c,si,constitution,constitution-si.pdf,281,no,,not_started,,not_required,not_required,
annotation-75cb3656b366,si,penal_code,දණ්ඩ නීති සංග්_රහය.pdf,11,no,,not_started,,not_required,not_required,
annotation-7ce98ff40010,en,constitution,constitution.pdf,278,no,,not_started,,not_required,not_required,
annotation-ef3766e1b177,en,penal_code,Penal Code.pdf,43,no,,not_started,,not_required,not_required,
annotation-237942f67544,si,amendment,Amendment_PenalCode_Sinhala_1998_Juny_04.pdf,6,no,,not_started,,not_required,not_required,
annotation-e5eb42a420b0,si,constitution,constitution-si.pdf,179,no,,not_started,,not_required,not_required,
annotation-ad41aa486c40,si,penal_code,දණ්ඩ නීති සංග්_රහය.pdf,112,no,,not_started,,not_required,not_required,
annotation-4cdc17b4f136,en,constitution,constitution.pdf,292,no,,not_started,,not_required,not_required,
annotation-511d9904bbbb,en,penal_code,Penal-Code I.pdf,153,no,,not_started,,not_required,not_required,
annotation-8e22fd5f36f7,si,amendment,Amendment_PenalCode_Sinhala_2006_Apr_24.pdf,11,no,,not_started,,not_required,not_required,
annotation-81703f5c4683,si,constitution,constitution-si.pdf,236,no,,not_started,,not_required,not_required,
annotation-cc2f42f8405d,si,penal_code,දණ්ඩ නීති සංග්_රහය.pdf,28,no,,not_started,,not_required,not_required,
annotation-f8e773a5c4c3,en,constitution,constitution.pdf,119,no,,not_started,,not_required,not_required,
annotation-4baf4efa3779,en,penal_code,Penal-Code I.pdf,62,no,,not_started,,not_required,not_required,
annotation-9e520c5bd84b,si,amendment,Amendment_PenalCode_Sinhala_2002_July_17.pdf,3,yes,,not_started,,not_started,not_started,
annotation-daf06fd41fc7,si,constitution,constitution-si.pdf,261,no,,not_started,,not_required,not_required,
annotation-606498a958ce,si,penal_code,දණ්ඩ නීති සංග්_රහය.pdf,121,no,,not_started,,not_required,not_required,
annotation-6722b0934ccb,en,constitution,constitution.pdf,62,no,,not_started,,not_required,not_required,
annotation-f78bf8709870,en,penal_code,Penal-Code I.pdf,36,no,,not_started,,not_required,not_required,
annotation-e3aa2eb0cfed,si,amendment,Amendment_PenalCode_Sinhala_2006_Apr_24.pdf,6,no,,not_started,,not_required,not_required,
annotation-1b69a4bf7527,si,constitution,constitution-si.pdf,9,no,,not_started,,not_required,not_required,
annotation-d2d7c6985e07,si,penal_code,දණ්ඩ නීති සංග්_රහය.pdf,14,no,,not_started,,not_required,not_required,
annotation-20b2c9220ad8,en,constitution,constitution.pdf,258,no,,not_started,,not_required,not_required,
annotation-9f017eef97f0,en,penal_code,Penal Code.pdf,11,no,,not_started,,not_required,not_required,
annotation-56490d7aebc6,si,amendment,Amendment_PenalCode_Sinhala_2006_Apr_24.pdf,6,no,,not_started,,not_required,not_required,
annotation-be20aed92080,si,constitution,constitution-si.pdf,244,no,,not_started,,not_required,not_required,
annotation-365ac4087ce5,si,penal_code,දණ්ඩ නීති සංග්_රහය.pdf,23,no,,not_started,,not_required,not_required,
annotation-8332c8c1a539,en,constitution,constitution.pdf,44,yes,,not_started,,not_started,not_started,
annotation-aed7ba77076f,en,penal_code,Penal-Code I.pdf,98,no,,not_started,,not_required,not_required,
annotation-457c87197b85,si,amendment,Amendment_PenalCode_Sinhala_2006_Apr_24.pdf,8,no,,not_started,,not_required,not_required,
annotation-770363d9469b,si,constitution,constitution-si.pdf,95,yes,,not_started,,not_started,not_started,
annotation-707d5002a18b,si,penal_code,දණ්ඩ නීති සංග්_රහය.pdf,28,no,,not_started,,not_required,not_required,
annotation-a818f20df60c,en,constitution,constitution.pdf,194,no,,not_started,,not_required,not_required,
annotation-503594a83323,en,penal_code,Penal Code.pdf,43,no,,not_started,,not_required,not_required,
annotation-a7028ef9e5e7,si,amendment,Amendment_PenalCode_Sinhala_2021_Oct_26.pdf,2,no,,not_started,,not_required,not_required,
annotation-b1d67816456f,si,constitution,constitution-si.pdf,180,no,,not_started,,not_required,not_required,
annotation-23bdcf82575f,si,penal_code,දණ්ඩ නීති සංග්_රහය.pdf,47,no,,not_started,,not_required,not_required,
annotation-4941a6945805,en,constitution,constitution.pdf,88,no,,not_started,,not_required,not_required,
annotation-2631680868b9,en,penal_code,Penal-Code I.pdf,194,no,,not_started,,not_required,not_required,
annotation-f181afd1999d,si,amendment,Amendment_PenalCode_Sinhala_1980_Dec_11.pdf,6,no,,not_started,,not_required,not_required,
annotation-bbe9cc68f0aa,si,constitution,constitution-si.pdf,14,no,,not_started,,not_required,not_required,
annotation-71d34d86c60f,si,penal_code,දණ්ඩ නීති සංග්_රහය.pdf,17,no,,not_started,,not_required,not_required,
annotation-2f3c022b22b6,en,constitution,constitution.pdf,97,no,,not_started,,not_required,not_required,
annotation-479c7c2dd0d8,en,penal_code,Penal-Code I.pdf,94,no,,not_started,,not_required,not_required,
annotation-ec1726f431ff,si,amendment,Amendment_PenalCode_Sinhala_2006_Apr_24.pdf,5,no,,not_started,,not_required,not_required,
annotation-4d682272e60a,si,constitution,constitution-si.pdf,261,yes,,not_started,,not_started,not_started,
annotation-21203aa44d8f,si,penal_code,දණ්ඩ නීති සංග්_රහය.pdf,130,no,,not_started,,not_required,not_required,
annotation-62cb05f6d5b4,en,constitution,constitution.pdf,302,no,,not_started,,not_required,not_required,
annotation-1af6044626df,en,penal_code,Penal-Code I.pdf,77,no,,not_started,,not_required,not_required,
annotation-f7f2acaf8584,si,amendment,Amendment_PenalCode_Sinhala_1980_Dec_11.pdf,6,yes,,not_started,,not_started,not_started,
annotation-4e414b1df63c,si,constitution,constitution-si.pdf,222,no,,not_started,,not_required,not_required,
annotation-9d455a8b7858,si,penal_code,දණ්ඩ නීති සංග්_රහය.pdf,58,no,,not_started,,not_required,not_required,
annotation-a6d5d6430c27,en,constitution,constitution.pdf,63,no,,not_started,,not_required,not_required,
annotation-79aa987c3a67,en,penal_code,Penal-Code I.pdf,73,no,,not_started,,not_required,not_required,
annotation-cccd4f1d0d0e,si,amendment,Amendment_PenalCode_Sinhala_2021_Jan_18.pdf,3,no,,not_started,,not_required,not_required,
annotation-5bc1752a1beb,si,constitution,constitution-si.pdf,61,no,,not_started,,not_required,not_required,
annotation-67b20bc2fdfe,si,penal_code,දණ්ඩ නීති සංග්_රහය.pdf,30,no,,not_started,,not_required,not_required,
annotation-ff864fe29ef7,en,constitution,constitution.pdf,290,no,,not_started,,not_required,not_required,
annotation-aff12d1b511a,en,penal_code,Penal-Code I.pdf,5,no,,not_started,,not_required,not_required,
annotation-4ab89801ceb1,si,amendment,Amendment_PenalCode_Sinhala_2021_Jan_18.pdf,2,yes,,not_started,,not_started,not_started,
annotation-0defe144436c,si,constitution,constitution-si.pdf,136,no,,not_started,,not_required,not_required,
annotation-c1b60bfff6c4,si,penal_code,දණ්ඩ නීති සංග්_රහය.pdf,28,no,,not_started,,not_required,not_required,
annotation-f730cb08cc16,en,constitution,constitution.pdf,169,no,,not_started,,not_required,not_required,
annotation-ae7ae44a9b32,en,penal_code,Penal-Code I.pdf,97,no,,not_started,,not_required,not_required,
annotation-2fc277499fc4,si,amendment,Amendment_PenalCode_Sinhala_2006_Apr_24.pdf,2,no,,not_started,,not_required,not_required,
annotation-851e497ed478,si,constitution,constitution-si.pdf,110,no,,not_started,,not_required,not_required,
annotation-4865c2e1d4db,si,penal_code,දණ්ඩ නීති සංග්_රහය.pdf,69,no,,not_started,,not_required,not_required,
annotation-9f56ada55b0e,en,constitution,constitution.pdf,49,no,,not_started,,not_required,not_required,
annotation-e11c96c2fc1d,en,penal_code,Penal Code.pdf,74,no,,not_started,,not_required,not_required,
annotation-0ccb89104ba0,si,amendment,Amendment_PenalCode_Sinhala_2021_Jan_18.pdf,9,no,,not_started,,not_required,not_required,
annotation-ca8d584a945b,si,constitution,constitution-si.pdf,259,yes,,not_started,,not_started,not_started,
annotation-6f84ede65e88,si,penal_code,දණ්ඩ නීති සංග්_රහය.pdf,13,no,,not_started,,not_required,not_required,
annotation-06889fbd7534,en,constitution,constitution.pdf,19,no,,not_started,,not_required,not_required,
annotation-d2917bbd48e0,en,penal_code,Penal-Code I.pdf,173,no,,not_started,,not_required,not_required,
annotation-b2d1f00c4b4b,si,amendment,Amendment_PenalCode_Sinhala_2006_Apr_24.pdf,14,no,,not_started,,not_required,not_required,
annotation-a52ce85b0f20,si,constitution,constitution-si.pdf,146,no,,not_started,,not_required,not_required,
annotation-56960401928a,si,penal_code,දණ්ඩ නීති සංග්_රහය.pdf,74,no,,not_started,,not_required,not_required,
annotation-1eed3738b167,en,constitution,constitution.pdf,21,no,,not_started,,not_required,not_required,
annotation-b99d62b19c50,en,penal_code,Penal Code.pdf,62,no,,not_started,,not_required,not_required,
annotation-612ef939dd3e,si,amendment,Amendment_PenalCode_Sinhala_1998_Juny_04.pdf,2,no,,not_started,,not_required,not_required,
annotation-71a63238a9b8,si,constitution,constitution-si.pdf,125,no,,not_started,,not_required,not_required,
annotation-9100a0574c1c,si,penal_code,දණ්ඩ නීති සංග්_රහය.pdf,33,no,,not_started,,not_required,not_required,
annotation-9c23e1b28dea,en,constitution,constitution.pdf,77,yes,,not_started,,not_started,not_started,
annotation-77943ea48083,en,penal_code,Penal-Code I.pdf,169,no,,not_started,,not_required,not_required,
annotation-0c6df14ae06c,si,amendment,Amendment_PenalCode_Sinhala_2021_Jan_18.pdf,4,no,,not_started,,not_required,not_required,
annotation-b9e5067ea75d,si,constitution,constitution-si.pdf,204,no,,not_started,,not_required,not_required,
annotation-55038cd8d929,si,penal_code,දණ්ඩ නීති සංග්_රහය.pdf,60,no,,not_started,,not_required,not_required,
annotation-efcd4e4e0e56,en,constitution,constitution.pdf,299,no,,not_started,,not_required,not_required,
annotation-3ef3af5f5b55,en,penal_code,Penal-Code I.pdf,83,no,,not_started,,not_required,not_required,
annotation-df1a5128fded,si,amendment,Amendment_PenalCode_Sinhala_2006_Apr_24.pdf,3,no,,not_started,,not_required,not_required,
annotation-6b93a07a6b81,si,constitution,constitution-si.pdf,279,no,,not_started,,not_required,not_required,
annotation-bad1e0f2e6d5,si,penal_code,දණ්ඩ නීති සංග්_රහය.pdf,102,no,,not_started,,not_required,not_required,
annotation-27146502d496,en,constitution,constitution.pdf,149,yes,,not_started,,not_started,not_started,
annotation-f2b96c475c7d,en,penal_code,Penal-Code I.pdf,13,no,,not_started,,not_required,not_required,
annotation-0dccf2e08b11,si,amendment,Amendment_PenalCode_Sinhala_1980_Dec_11.pdf,2,no,,not_started,,not_required,not_required,
annotation-c59e7f348704,si,constitution,constitution-si.pdf,12,no,,not_started,,not_required,not_required,
annotation-9a70c4883ff5,si,penal_code,දණ්ඩ නීති සංග්_රහය.pdf,31,no,,not_started,,not_required,not_required,
annotation-70e0fef1c537,en,constitution,constitution.pdf,87,yes,,not_started,,not_started,not_started,
annotation-e81f3fd6cfe3,en,penal_code,Penal Code.pdf,50,no,,not_started,,not_required,not_required,
annotation-8c410cc073fb,si,amendment,Amendment_PenalCode_Sinhala_2006_Apr_24.pdf,7,no,,not_started,,not_required,not_required,
annotation-2cb099e1e850,si,constitution,constitution-si.pdf,167,no,,not_started,,not_required,not_required,
annotation-92774c1e6117,si,penal_code,දණ්ඩ නීති සංග්_රහය.pdf,138,no,,not_started,,not_required,not_required,
annotation-565ad09c843d,en,constitution,constitution.pdf,143,no,,not_started,,not_required,not_required,
annotation-a52b78a40df0,en,penal_code,Penal Code.pdf,77,no,,not_started,,not_required,not_required,
annotation-15541506a248,si,amendment,Amendment_PenalCode_Sinhala_2006_Apr_24.pdf,7,no,,not_started,,not_required,not_required,
annotation-dfe4df1c1486,si,constitution,constitution-si.pdf,284,no,,not_started,,not_required,not_required,
annotation-dd624a147252,si,penal_code,දණ්ඩ නීති සංග්_රහය.pdf,74,no,,not_started,,not_required,not_required,
annotation-a45b3926e0a9,en,constitution,constitution.pdf,153,no,,not_started,,not_required,not_required,
annotation-73fdb7a31cf1,en,penal_code,Penal Code.pdf,9,no,,not_started,,not_required,not_required,
annotation-551ea88ded9c,si,amendment,Amendment_PenalCode_Sinhala_2006_Apr_24.pdf,14,no,,not_started,,not_required,not_required,
annotation-6af191c6f2eb,si,constitution,constitution-si.pdf,258,no,,not_started,,not_required,not_required,
annotation-c0a7a38cee1f,si,penal_code,දණ්ඩ නීති සංග්_රහය.pdf,74,no,,not_started,,not_required,not_required,
annotation-6b14dddcebbe,en,constitution,constitution.pdf,72,no,,not_started,,not_required,not_required,
annotation-67918dc9dd23,en,penal_code,Penal Code.pdf,7,no,,not_started,,not_required,not_required,
annotation-05fb41b40958,si,amendment,Amendment_PenalCode_Sinhala_2006_Apr_24.pdf,12,no,,not_started,,not_required,not_required,
annotation-9a84dbcb8720,si,constitution,constitution-si.pdf,72,no,,not_started,,not_required,not_required,
annotation-31086b0be3cf,si,penal_code,දණ්ඩ නීති සංග්_රහය.pdf,109,no,,not_started,,not_required,not_required,
annotation-56e3ff5b077b,en,constitution,constitution.pdf,55,no,,not_started,,not_required,not_required,
annotation-232d6e6ce2f3,en,penal_code,Penal-Code I.pdf,23,yes,,not_started,,not_started,not_started,
annotation-779ee263c396,si,amendment,Amendment_PenalCode_Sinhala_1980_Dec_11.pdf,6,no,,not_started,,not_required,not_required,
annotation-518eed2ad10d,si,constitution,constitution-si.pdf,261,no,,not_started,,not_required,not_required,
annotation-980ba5783b7b,si,penal_code,දණ්ඩ නීති සංග්_රහය.pdf,21,no,,not_started,,not_required,not_required,
annotation-1429dba09537,en,constitution,constitution.pdf,140,no,,not_started,,not_required,not_required,
annotation-e80c44d5a249,en,penal_code,Penal-Code I.pdf,131,no,,not_started,,not_required,not_required,
annotation-ceaa4a70640f,si,amendment,Amendment_PenalCode_Sinhala_2006_Apr_24.pdf,11,yes,,not_started,,not_started,not_started,
annotation-94c99dab6edf,si,constitution,constitution-si.pdf,52,no,,not_started,,not_required,not_required,
annotation-e338feabee67,si,penal_code,දණ්ඩ නීති සංග්_රහය.pdf,82,no,,not_started,,not_required,not_required,
annotation-8dae80b13645,en,constitution,constitution.pdf,121,no,,not_started,,not_required,not_required,
annotation-edb69889fcf1,en,penal_code,Penal-Code I.pdf,95,no,,not_started,,not_required,not_required,
annotation-5fc59671a196,si,amendment,Amendment_PenalCode_Sinhala_2021_Jan_18.pdf,5,yes,,not_started,,not_started,not_started,
annotation-f08da5d14665,si,constitution,constitution-si.pdf,272,no,,not_started,,not_required,not_required,
annotation-04b2fd921063,si,penal_code,දණ්ඩ නීති සංග්_රහය.pdf,51,no,,not_started,,not_required,not_required,
annotation-2126f2af6158,en,constitution,constitution.pdf,54,no,,not_started,,not_required,not_required,
annotation-7d95ac63052a,en,penal_code,Penal-Code I.pdf,17,no,,not_started,,not_required,not_required,
annotation-d37c653980f3,si,amendment,Amendment_PenalCode_Sinhala_2021_Jan_18.pdf,3,no,,not_started,,not_required,not_required,
annotation-eece2f694d14,si,constitution,constitution-si.pdf,173,no,,not_started,,not_required,not_required,
annotation-2e8fcd0ccf44,si,penal_code,දණ්ඩ නීති සංග්_රහය.pdf,136,no,,not_started,,not_required,not_required,
annotation-d45e202a691a,en,constitution,constitution.pdf,112,no,,not_started,,not_required,not_required,
annotation-f868c4fd51bd,en,penal_code,Penal-Code I.pdf,42,no,,not_started,,not_required,not_required,
annotation-bf4b1016e5ca,si,amendment,Amendment_PenalCode_Sinhala_2018_May_21.pdf,2,no,,not_started,,not_required,not_required,
annotation-44866017ce15,si,constitution,constitution-si.pdf,94,no,,not_started,,not_required,not_required,
annotation-dc9d415b6fdb,si,penal_code,දණ්ඩ නීති සංග්_රහය.pdf,57,no,,not_started,,not_required,not_required,
annotation-14c901bb059a,en,constitution,constitution.pdf,163,no,,not_started,,not_required,not_required,
annotation-575b4133bbf6,en,penal_code,Penal Code.pdf,47,no,,not_started,,not_required,not_required,
annotation-50d6385a9ff0,si,amendment,Amendment_PenalCode_Sinhala_1980_Dec_11.pdf,8,no,,not_started,,not_required,not_required,
annotation-ba595170ce69,si,constitution,constitution-si.pdf,280,no,,not_started,,not_required,not_required,
annotation-8bf78eb00605,si,penal_code,දණ්ඩ නීති සංග්_රහය.pdf,38,no,,not_started,,not_required,not_required,
annotation-3ad0626e4430,en,constitution,constitution.pdf,257,yes,,not_started,,not_started,not_started,
annotation-170084a621d4,en,penal_code,Penal Code.pdf,31,no,,not_started,,not_required,not_required,
annotation-ff5103fc3ee6,si,amendment,Amendment_PenalCode_Sinhala_2006_Apr_24.pdf,12,no,,not_started,,not_required,not_required,
annotation-7d167559b5f3,si,constitution,constitution-si.pdf,29,no,,not_started,,not_required,not_required,
annotation-49e894d82665,si,penal_code,දණ්ඩ නීති සංග්_රහය.pdf,112,yes,,not_started,,not_started,not_started,
annotation-c998614bd68d,en,constitution,constitution.pdf,257,no,,not_started,,not_required,not_required,
annotation-ec649b7b3647,en,penal_code,Penal Code.pdf,61,no,,not_started,,not_required,not_required,
annotation-25e9f34588a6,si,amendment,Amendment_PenalCode_Sinhala_2018_May_21.pdf,2,no,,not_started,,not_required,not_required,
annotation-0fc1a0ab4626,si,constitution,constitution-si.pdf,269,no,,not_started,,not_required,not_required,
annotation-b4edebdd6274,si,penal_code,දණ්ඩ නීති සංග්_රහය.pdf,69,no,,not_started,,not_required,not_required,
annotation-f377f79ae163,en,constitution,constitution.pdf,70,no,,not_started,,not_required,not_required,
annotation-9238e791a639,en,penal_code,Penal-Code I.pdf,174,no,,not_started,,not_required,not_required,
annotation-55884c94bfb1,si,amendment,Amendment_PenalCode_Sinhala_2021_Jan_18.pdf,8,no,,not_started,,not_required,not_required,
annotation-c554b1500c91,si,constitution,constitution-si.pdf,74,yes,,not_started,,not_started,not_started,
annotation-3b5a875ee504,si,penal_code,දණ්ඩ නීති සංග්_රහය.pdf,114,no,,not_started,,not_required,not_required,
annotation-9a77b57b80ba,en,constitution,constitution.pdf,46,no,,not_started,,not_required,not_required,
annotation-72aea5b223d5,en,penal_code,Penal-Code I.pdf,148,no,,not_started,,not_required,not_required,
annotation-8046cf8f7128,si,amendment,Amendment_PenalCode_Sinhala_2021_Jan_18.pdf,7,no,,not_started,,not_required,not_required,
annotation-cc3e91451a05,si,constitution,constitution-si.pdf,217,no,,not_started,,not_required,not_required,
annotation-9294acbcd35c,si,penal_code,දණ්ඩ නීති සංග්_රහය.pdf,65,no,,not_started,,not_required,not_required,
annotation-eb19de94603d,en,constitution,constitution.pdf,12,yes,,not_started,,not_started,not_started,
annotation-bd58ca54ded3,en,penal_code,Penal-Code I.pdf,17,no,,not_started,,not_required,not_required,
annotation-1150e710010c,si,amendment,Amendment_PenalCode_Sinhala_2021_Jan_18.pdf,1,no,,not_started,,not_required,not_required,
annotation-96418a89428e,si,constitution,constitution-si.pdf,191,no,,not_started,,not_required,not_required,
annotation-ef96a558c551,si,penal_code,දණ්ඩ නීති සංග්_රහය.pdf,74,no,,not_started,,not_required,not_required,
annotation-1dd3bbd072b7,en,constitution,constitution.pdf,295,no,,not_started,,not_required,not_required,
annotation-140d201a1f70,en,penal_code,Penal-Code I.pdf,55,no,,not_started,,not_required,not_required,
annotation-258d68579f54,si,amendment,Amendment_PenalCode_Sinhala_2006_Apr_24.pdf,1,yes,,not_started,,not_started,not_started,
annotation-6c119c83480b,si,constitution,constitution-si.pdf,47,no,,not_started,,not_required,not_required,
annotation-ab683cd5710c,si,penal_code,දණ්ඩ නීති සංග්_රහය.pdf,78,no,,not_started,,not_required,not_required,
annotation-0afc063c8025,en,constitution,constitution.pdf,119,no,,not_started,,not_required,not_required,
annotation-98197161794d,en,penal_code,Penal-Code I.pdf,151,no,,not_started,,not_required,not_required,
annotation-c379183754e1,si,amendment,Amendment_PenalCode_Sinhala_2021_Oct_26.pdf,2,no,,not_started,,not_required,not_required,
annotation-b362a993c577,si,constitution,constitution-si.pdf,44,no,,not_started,,not_required,not_required,
annotation-3f30fe88e5d3,si,penal_code,දණ්ඩ නීති සංග්_රහය.pdf,117,yes,,not_started,,not_started,not_started,
annotation-3d1216093433,en,constitution,constitution.pdf,171,no,,not_started,,not_required,not_required,
annotation-ecfe4a062b2c,en,penal_code,Penal-Code I.pdf,43,no,,not_started,,not_required,not_required,
annotation-c44fb6c6e87f,si,amendment,Amendment_PenalCode_Sinhala_2021_Jan_18.pdf,4,no,,not_started,,not_required,not_required,
annotation-d26311f4e276,si,constitution,constitution-si.pdf,195,yes,,not_started,,not_started,not_started,
annotation-2108081a3973,si,penal_code,දණ්ඩ නීති සංග්_රහය.pdf,120,no,,not_started,,not_required,not_required,
annotation-27dcfb2d27db,en,constitution,constitution.pdf,243,no,,not_started,,not_required,not_required,
annotation-45ab7d457dc6,en,penal_code,Penal-Code I.pdf,179,no,,not_started,,not_required,not_required,
annotation-5f6c1f225a41,si,amendment,Amendment_PenalCode_Sinhala_2018_May_21.pdf,1,no,,not_started,,not_required,not_required,
annotation-b82928721adc,si,constitution,constitution-si.pdf,189,no,,not_started,,not_required,not_required,
annotation-c8792ddd85db,si,penal_code,දණ්ඩ නීති සංග්_රහය.pdf,103,no,,not_started,,not_required,not_required,
annotation-ee7c0bc80f38,en,constitution,constitution.pdf,298,no,,not_started,,not_required,not_required,
annotation-0dc335f8b406,en,penal_code,Penal Code.pdf,5,no,,not_started,,not_required,not_required,
annotation-31172270c0d4,si,amendment,Amendment_PenalCode_Sinhala_2021_Jan_18.pdf,7,no,,not_started,,not_required,not_required,
annotation-b7305b4a485e,si,constitution,constitution-si.pdf,7,no,,not_started,,not_required,not_required,
annotation-f656947b8d96,si,penal_code,දණ්ඩ නීති සංග්_රහය.pdf,17,no,,not_started,,not_required,not_required,
annotation-6706862dcae6,en,constitution,constitution.pdf,301,no,,not_started,,not_required,not_required,
annotation-c27d46cbbfbd,en,penal_code,Penal-Code I.pdf,6,yes,,not_started,,not_started,not_started,
annotation-be5b306387c2,si,amendment,Amendment_PenalCode_Sinhala_2021_Jan_18.pdf,1,no,,not_started,,not_required,not_required,
annotation-9acf2d56ff07,si,constitution,constitution-si.pdf,111,no,,not_started,,not_required,not_required,
annotation-72018068c427,si,penal_code,දණ්ඩ නීති සංග්_රහය.pdf,62,no,,not_started,,not_required,not_required,
annotation-d62f411ec3eb,en,constitution,constitution.pdf,206,no,,not_started,,not_required,not_required,
annotation-122a17fd81a3,en,penal_code,Penal-Code I.pdf,126,no,,not_started,,not_required,not_required,
annotation-9b1848dde5f0,si,amendment,Amendment_PenalCode_Sinhala_2021_Jan_18.pdf,6,no,,not_started,,not_required,not_required,
annotation-36eeb456ffd5,si,constitution,constitution-si.pdf,87,no,,not_started,,not_required,not_required,
annotation-3d75b96cfbf3,si,penal_code,දණ්ඩ නීති සංග්_රහය.pdf,97,no,,not_started,,not_required,not_required,
annotation-d644e7afcfc6,en,constitution,constitution.pdf,55,no,,not_started,,not_required,not_required,
annotation-a598e6d8e21c,en,penal_code,Penal-Code I.pdf,194,no,,not_started,,not_required,not_required,
annotation-abecaf2d471e,si,amendment,Amendment_PenalCode_Sinhala_2021_Oct_26.pdf,2,no,,not_started,,not_required,not_required,
annotation-bd9fc9b09e6c,si,constitution,constitution-si.pdf,18,no,,not_started,,not_required,not_required,
annotation-e97de70a793c,si,penal_code,දණ්ඩ නීති සංග්_රහය.pdf,41,no,,not_started,,not_required,not_required,
annotation-a758404685a4,en,constitution,constitution.pdf,167,no,,not_started,,not_required,not_required,
annotation-bb0ebb3d5fdc,en,penal_code,Penal Code.pdf,75,no,,not_started,,not_required,not_required,
annotation-829d8fe77382,si,amendment,Amendment_PenalCode_Sinhala_1998_Juny_04.pdf,1,yes,,not_started,,not_started,not_started,
annotation-514bb549c90f,si,constitution,constitution-si.pdf,123,no,,not_started,,not_required,not_required,
annotation-8ee09b5e7bdc,si,penal_code,දණ්ඩ නීති සංග්_රහය.pdf,112,no,,not_started,,not_required,not_required,
annotation-14ec830e87b4,en,constitution,constitution.pdf,91,yes,,not_started,,not_started,not_started,
annotation-107f1ab369fe,en,penal_code,Penal-Code I.pdf,145,no,,not_started,,not_required,not_required,
annotation-9589c55d32b2,si,amendment,Amendment_PenalCode_Sinhala_1980_Dec_11.pdf,4,no,,not_started,,not_required,not_required,
annotation-500c1480b6eb,si,constitution,constitution-si.pdf,73,no,,not_started,,not_required,not_required,
annotation-b1e62c63ad38,si,penal_code,දණ්ඩ නීති සංග්_රහය.pdf,40,no,,not_started,,not_required,not_required,
annotation-c4bf95988954,en,constitution,constitution.pdf,21,no,,not_started,,not_required,not_required,
annotation-aa547d39b60a,en,penal_code,Penal Code.pdf,51,no,,not_started,,not_required,not_required,
annotation-83a170790e06,si,amendment,Amendment_PenalCode_Sinhala_2021_Jan_18.pdf,1,no,,not_started,,not_required,not_required,
annotation-f16ea9325ced,si,constitution,constitution-si.pdf,259,no,,not_started,,not_required,not_required,
annotation-5bc23972b059,si,penal_code,දණ්ඩ නීති සංග්_රහය.pdf,24,no,,not_started,,not_required,not_required,
annotation-a709facfe472,en,constitution,constitution.pdf,174,no,,not_started,,not_required,not_required,
annotation-ab608cbf9a4a,en,penal_code,Penal-Code I.pdf,84,no,,not_started,,not_required,not_required,
annotation-29fe33a75136,si,amendment,Amendment_PenalCode_Sinhala_2021_Oct_26.pdf,2,no,,not_started,,not_required,not_required,
annotation-3de10224ff43,si,constitution,constitution-si.pdf,125,no,,not_started,,not_required,not_required,
annotation-afde86034e19,si,penal_code,දණ්ඩ නීති සංග්_රහය.pdf,123,no,,not_started,,not_required,not_required,
annotation-2c7252e28034,en,constitution,constitution.pdf,186,no,,not_started,,not_required,not_required,
annotation-c5a0290c8ddc,en,penal_code,Penal-Code I.pdf,65,no,,not_started,,not_required,not_required,
annotation-7fe5b7c30395,si,amendment,Amendment_PenalCode_Sinhala_2006_Apr_24.pdf,13,no,,not_started,,not_required,not_required,
annotation-48e503f3a89d,si,constitution,constitution-si.pdf,176,no,,not_started,,not_required,not_required,
annotation-a9cacee4f687,si,penal_code,දණ්ඩ නීති සංග්_රහය.pdf,72,no,,not_started,,not_required,not_required,
annotation-566b61969351,en,constitution,constitution.pdf,65,no,,not_started,,not_required,not_required,
annotation-a8f523448468,en,penal_code,Penal Code.pdf,79,no,,not_started,,not_required,not_required,
annotation-e6f83be24ae7,si,amendment,Amendment_PenalCode_Sinhala_2006_Apr_24.pdf,15,no,,not_started,,not_required,not_required,
annotation-6b0e9ec72657,si,constitution,constitution-si.pdf,32,no,,not_started,,not_required,not_required,
annotation-311fbbaa1c19,si,penal_code,දණ්ඩ නීති සංග්_රහය.pdf,53,yes,,not_started,,not_started,not_started,
annotation-023c7acaf6e8,en,constitution,constitution.pdf,53,no,,not_started,,not_required,not_required,
annotation-ed4a07f36654,en,penal_code,Penal-Code I.pdf,22,no,,not_started,,not_required,not_required,
annotation-669a527d330f,si,amendment,Amendment_PenalCode_Sinhala_2021_Jan_18.pdf,6,no,,not_started,,not_required,not_required,
annotation-a8e35507aed3,si,constitution,constitution-si.pdf,117,no,,not_started,,not_required,not_required,
annotation-400651dd203c,si,penal_code,දණ්ඩ නීති සංග්_රහය.pdf,136,no,,not_started,,not_required,not_required,
annotation-eafe7957a313,en,constitution,constitution.pdf,45,no,,not_started,,not_required,not_required,
annotation-510820d6964c,en,penal_code,Penal-Code I.pdf,56,no,,not_started,,not_required,not_required,
annotation-237a43cc05a4,si,amendment,Amendment_PenalCode_Sinhala_2018_May_21.pdf,1,no,,not_started,,not_required,not_required,
annotation-a7d66699987e,si,constitution,constitution-si.pdf,72,no,,not_started,,not_required,not_required,
annotation-d3610bd0b0fc,si,penal_code,දණ්ඩ නීති සංග්_රහය.pdf,98,yes,,not_started,,not_started,not_started,
annotation-aacef6df4e80,en,constitution,constitution.pdf,36,no,,not_started,,not_required,not_required,
annotation-584cbbdbb51d,en,penal_code,Penal Code.pdf,68,no,,not_started,,not_required,not_required,
annotation-a20dc99a5b16,si,amendment,Amendment_PenalCode_Sinhala_2002_July_17.pdf,2,no,,not_started,,not_required,not_required,
annotation-321689b5a693,si,constitution,constitution-si.pdf,14,no,,not_started,,not_required,not_required,
annotation-eed488c1922e,si,penal_code,දණ්ඩ නීති සංග්_රහය.pdf,19,no,,not_started,,not_required,not_required,
annotation-16f2d8610101,en,constitution,constitution.pdf,51,no,,not_started,,not_required,not_required,
annotation-eae21a78da6f,en,penal_code,Penal-Code I.pdf,199,no,,not_started,,not_required,not_required,
annotation-9625c7a23c91,si,amendment,Amendment_PenalCode_Sinhala_1980_Dec_11.pdf,9,no,,not_started,,not_required,not_required,
annotation-83cad19a9d4b,si,constitution,constitution-si.pdf,288,yes,,not_started,,not_started,not_started,
annotation-09ca5b223a58,si,penal_code,දණ්ඩ නීති සංග්_රහය.pdf,89,no,,not_started,,not_required,not_required,
annotation-7c00c1c372eb,en,constitution,constitution.pdf,214,yes,,not_started,,not_started,not_started,
annotation-599556205bfe,en,penal_code,Penal-Code I.pdf,64,no,,not_started,,not_required,not_required,
annotation-2d7d67010538,si,amendment,Amendment_PenalCode_Sinhala_2006_Apr_24.pdf,14,yes,,not_started,,not_started,not_started,
annotation-f8352111a29a,si,constitution,constitution-si.pdf,272,no,,not_started,,not_required,not_required,
annotation-bc0cdcb83241,si,penal_code,දණ්ඩ නීති සංග්_රහය.pdf,14,no,,not_started,,not_required,not_required,
annotation-2081a98180e0,en,constitution,constitution.pdf,279,no,,not_started,,not_required,not_required,
annotation-2666655b0b12,en,penal_code,Penal-Code I.pdf,118,yes,,not_started,,not_started,not_started,
annotation-968d7a068227,si,amendment,Amendment_PenalCode_Sinhala_2021_Jan_18.pdf,3,no,,not_started,,not_required,not_required,
annotation-668eba9a0efc,si,constitution,constitution-si.pdf,49,no,,not_started,,not_required,not_required,
annotation-744020128f60,si,penal_code,දණ්ඩ නීති සංග්_රහය.pdf,120,no,,not_started,,not_required,not_required,
annotation-b5202342ec2d,en,constitution,constitution.pdf,269,no,,not_started,,not_required,not_required,
annotation-eba9b0ef94eb,en,penal_code,Penal-Code I.pdf,116,no,,not_started,,not_required,not_required,
annotation-0a10d00ff1fe,si,amendment,Amendment_PenalCode_Sinhala_2021_Jan_18.pdf,7,no,,not_started,,not_required,not_required,
annotation-d8c20f7549ee,si,constitution,constitution-si.pdf,212,no,,not_started,,not_required,not_required,
annotation-8ad1c2197151,si,penal_code,දණ්ඩ නීති සංග්_රහය.pdf,99,no,,not_started,,not_required,not_required,
annotation-2de1b62ca66d,en,constitution,constitution.pdf,63,no,,not_started,,not_required,not_required,
annotation-ab1f5918d551,en,penal_code,Penal-Code I.pdf,128,no,,not_started,,not_required,not_required,
annotation-d5027a4554b5,si,amendment,Amendment_PenalCode_Sinhala_2006_Apr_24.pdf,11,yes,,not_started,,not_started,not_started,
annotation-fdadf322eaf5,si,constitution,constitution-si.pdf,267,no,,not_started,,not_required,not_required,
annotation-40b6ff085987,si,penal_code,දණ්ඩ නීති සංග්_රහය.pdf,136,no,,not_started,,not_required,not_required,
annotation-9a0423bb5e37,en,constitution,constitution.pdf,296,no,,not_started,,not_required,not_required,
annotation-f531500240ac,en,penal_code,Penal-Code I.pdf,41,no,,not_started,,not_required,not_required,
annotation-52df7f0b9321,si,amendment,Amendment_PenalCode_Sinhala_2006_Apr_24.pdf,3,yes,,not_started,,not_started,not_started,
annotation-ddabdfb5f69c,si,constitution,constitution-si.pdf,14,yes,,not_started,,not_started,not_started,
annotation-91ff02262986,si,penal_code,දණ්ඩ නීති සංග්_රහය.pdf,105,no,,not_started,,not_required,not_required,
annotation-e8d62865b53d,en,constitution,constitution.pdf,168,no,,not_started,,not_required,not_required,
annotation-3353098bfa50,en,penal_code,Penal Code.pdf,64,no,,not_started,,not_required,not_required,
annotation-f1281a9aa908,si,amendment,Amendment_PenalCode_Sinhala_2018_May_21.pdf,2,no,,not_started,,not_required,not_required,
annotation-9ec18588c12a,si,constitution,constitution-si.pdf,168,no,,not_started,,not_required,not_required,
annotation-2165f3820d85,si,penal_code,දණ්ඩ නීති සංග්_රහය.pdf,34,no,,not_started,,not_required,not_required,
annotation-83d782f485cc,en,constitution,constitution.pdf,132,no,,not_started,,not_required,not_required,
annotation-b767d972645a,en,penal_code,Penal Code.pdf,54,no,,not_started,,not_required,not_required,
annotation-4c143a833ff9,si,amendment,Amendment_PenalCode_Sinhala_2021_Jan_18.pdf,4,no,,not_started,,not_required,not_required,
annotation-8fd3d6a22ea3,si,constitution,constitution-si.pdf,224,no,,not_started,,not_required,not_required,
annotation-3f468e27ca71,si,penal_code,දණ්ඩ නීති සංග්_රහය.pdf,29,no,,not_started,,not_required,not_required,
annotation-878f54c37c86,en,constitution,constitution.pdf,19,no,,not_started,,not_required,not_required,
annotation-01c53adb6221,en,penal_code,Penal-Code I.pdf,92,yes,,not_started,,not_started,not_started,
annotation-635fa4826abb,si,amendment,Amendment_PenalCode_Sinhala_2021_Jan_18.pdf,2,no,,not_started,,not_required,not_required,
annotation-b77c7d8628c2,si,constitution,constitution-si.pdf,257,no,,not_started,,not_required,not_required,
annotation-ba21fbb9d45a,si,penal_code,දණ්ඩ නීති සංග්_රහය.pdf,69,no,,not_started,,not_required,not_required,
annotation-3c4908217eec,en,constitution,constitution.pdf,48,no,,not_started,,not_required,not_required,
annotation-6805dc9a4eab,en,penal_code,Penal Code.pdf,27,no,,not_started,,not_required,not_required,
annotation-a92a42149e75,si,amendment,Amendment_PenalCode_Sinhala_2006_Apr_24.pdf,13,no,,not_started,,not_required,not_required,
annotation-6b91d800cd39,si,constitution,constitution-si.pdf,14,no,,not_started,,not_required,not_required,
annotation-2f10a635cd37,si,penal_code,දණ්ඩ නීති සංග්_රහය.pdf,101,no,,not_started,,not_required,not_required,
annotation-cf853a16f1de,en,constitution,constitution.pdf,165,yes,,not_started,,not_started,not_started,
annotation-18e0b5de57fe,en,penal_code,Penal-Code I.pdf,151,no,,not_started,,not_required,not_required,
annotation-23fa9cbaba18,si,amendment,Amendment_PenalCode_Sinhala_1998_Juny_04.pdf,5,no,,not_started,,not_required,not_required,
annotation-aaf9957c7e4a,si,constitution,constitution-si.pdf,84,no,,not_started,,not_required,not_required,
annotation-80fe689f79da,si,penal_code,දණ්ඩ නීති සංග්_රහය.pdf,88,no,,not_started,,not_required,not_required,
annotation-6403e54c9ddb,en,constitution,constitution.pdf,306,no,,not_started,,not_required,not_required,
annotation-3a9e46734545,en,penal_code,Penal-Code I.pdf,110,no,,not_started,,not_required,not_required,
annotation-5dda0e954fe4,si,amendment,Amendment_PenalCode_Sinhala_2006_Apr_24.pdf,3,no,,not_started,,not_required,not_required,
annotation-fa8c4a563b7a,si,constitution,constitution-si.pdf,235,no,,not_started,,not_required,not_required,
annotation-9e6c8799a4a5,si,penal_code,දණ්ඩ නීති සංග්_රහය.pdf,69,no,,not_started,,not_required,not_required,
annotation-2deb6ec2126f,en,constitution,constitution.pdf,252,no,,not_started,,not_required,not_required,
annotation-abd0a220b4b5,en,penal_code,Penal Code.pdf,2,no,,not_started,,not_required,not_required,
annotation-81dc0493f89b,si,amendment,Amendment_PenalCode_Sinhala_2006_Apr_24.pdf,1,yes,,not_started,,not_started,not_started,
annotation-51f9188cf675,si,constitution,constitution-si.pdf,17,no,,not_started,,not_required,not_required,
annotation-0e11be2a2769,si,penal_code,දණ්ඩ නීති සංග්_රහය.pdf,16,no,,not_started,,not_required,not_required,
annotation-d04414232cf2,en,constitution,constitution.pdf,86,no,,not_started,,not_required,not_required,
annotation-8fb297856df6,en,penal_code,Penal-Code I.pdf,129,yes,,not_started,,not_started,not_started,
annotation-0f363ad601ca,si,amendment,Amendment_PenalCode_Sinhala_1980_Dec_11.pdf,1,no,,not_started,,not_required,not_required,
annotation-f7b072991880,si,constitution,constitution-si.pdf,134,yes,,not_started,,not_started,not_started,
annotation-9e661f8b03f1,si,penal_code,දණ්ඩ නීති සංග්_රහය.pdf,111,no,,not_started,,not_required,not_required,
annotation-c5b7687fa214,en,constitution,constitution.pdf,47,no,,not_started,,not_required,not_required,
annotation-d2c7bd0d9517,en,penal_code,Penal Code.pdf,60,no,,not_started,,not_required,not_required,
annotation-0f03e4521260,si,amendment,Amendment_PenalCode_Sinhala_1980_Dec_11.pdf,3,no,,not_started,,not_required,not_required,
annotation-5e15bcdbb577,si,constitution,constitution-si.pdf,36,no,,not_started,,not_required,not_required,
annotation-943681b2c852,si,penal_code,දණ්ඩ නීති සංග්_රහය.pdf,47,no,,not_started,,not_required,not_required,
annotation-885ba0991571,en,constitution,constitution.pdf,222,no,,not_started,,not_required,not_required,
annotation-688a65bcfe96,en,penal_code,Penal-Code I.pdf,89,no,,not_started,,not_required,not_required,
annotation-63212828f440,si,amendment,Amendment_PenalCode_Sinhala_1998_Juny_04.pdf,2,no,,not_started,,not_required,not_required,
annotation-a813979b215a,si,constitution,constitution-si.pdf,72,no,,not_started,,not_required,not_required,
annotation-11df2ee158c1,si,penal_code,දණ්ඩ නීති සංග්_රහය.pdf,26,no,,not_started,,not_required,not_required,
annotation-c86695278e48,en,constitution,constitution.pdf,49,no,,not_started,,not_required,not_required,
annotation-3f9719beb967,en,penal_code,Penal-Code I.pdf,130,no,,not_started,,not_required,not_required,
annotation-898747f1e666,si,amendment,Amendment_PenalCode_Sinhala_2021_Jan_18.pdf,10,no,,not_started,,not_required,not_required,
annotation-6a646be6a90e,si,constitution,constitution-si.pdf,21,no,,not_started,,not_required,not_required,
annotation-0d26d297823f,si,penal_code,දණ්ඩ නීති සංග්_රහය.pdf,28,no,,not_started,,not_required,not_required,
annotation-fc966848c789,en,constitution,constitution.pdf,31,yes,,not_started,,not_started,not_started,
annotation-dfa07d54452c,en,penal_code,Penal-Code I.pdf,158,no,,not_started,,not_required,not_required,
annotation-d846464d953d,si,amendment,Amendment_PenalCode_Sinhala_2018_May_21.pdf,2,no,,not_started,,not_required,not_required,
annotation-ce45c53f142a,si,constitution,constitution-si.pdf,130,no,,not_started,,not_required,not_required,
annotation-90df1b9dcd55,si,penal_code,දණ්ඩ නීති සංග්_රහය.pdf,45,no,,not_started,,not_required,not_required,
annotation-3778e663daba,en,constitution,constitution.pdf,86,no,,not_started,,not_required,not_required,
annotation-ac449f535f8d,en,penal_code,Penal-Code I.pdf,15,no,,not_started,,not_required,not_required,
annotation-bdf451acf03e,si,amendment,Amendment_PenalCode_Sinhala_2006_Apr_24.pdf,7,no,,not_started,,not_required,not_required,
annotation-e95af3c8818f,si,constitution,constitution-si.pdf,89,no,,not_started,,not_required,not_required,
annotation-c8be06929992,si,penal_code,දණ්ඩ නීති සංග්_රහය.pdf,86,no,,not_started,,not_required,not_required,
annotation-71d5a308bb30,en,constitution,constitution.pdf,45,no,,not_started,,not_required,not_required,
annotation-7596236a1a43,en,penal_code,Penal-Code I.pdf,60,no,,not_started,,not_required,not_required,
annotation-8a0785c6a38c,si,amendment,Amendment_PenalCode_Sinhala_1998_Juny_04.pdf,5,yes,,not_started,,not_started,not_started,
annotation-f89a94d68863,si,constitution,constitution-si.pdf,7,no,,not_started,,not_required,not_required,
annotation-136c0142ba8b,si,penal_code,දණ්ඩ නීති සංග්_රහය.pdf,19,no,,not_started,,not_required,not_required,
annotation-1504afacdcde,en,constitution,constitution.pdf,52,no,,not_started,,not_required,not_required,
annotation-69df1ab4d767,en,penal_code,Penal Code.pdf,69,no,,not_started,,not_required,not_required,
annotation-b6886b4b2510,si,amendment,Amendment_PenalCode_Sinhala_2006_Apr_24.pdf,1,no,,not_started,,not_required,not_required,
annotation-b92beb1a0df7,si,constitution,constitution-si.pdf,133,no,,not_started,,not_required,not_required,
annotation-3a920be23343,si,penal_code,දණ්ඩ නීති සංග්_රහය.pdf,57,no,,not_started,,not_required,not_required,
annotation-1242bc2ca83f,en,constitution,constitution.pdf,204,no,,not_started,,not_required,not_required,
annotation-c9e11aa0eebc,en,penal_code,Penal-Code I.pdf,84,no,,not_started,,not_required,not_required,
annotation-76a9b7c32906,si,amendment,Amendment_PenalCode_Sinhala_2018_May_21.pdf,1,no,,not_started,,not_required,not_required,
annotation-aa81a43ccace,si,constitution,constitution-si.pdf,16,no,,not_started,,not_required,not_required,
annotation-92e365c5b08a,si,penal_code,දණ්ඩ නීති සංග්_රහය.pdf,131,no,,not_started,,not_required,not_required,
