task_id,language,document_type,source_file,pdf_page_number,selection_cue_group,shared_subset,annotator_1_status,annotator_2_status,adjudication_status,notes
annotation-0ccb89104ba0,si,amendment,Amendment_PenalCode_Sinhala_2021_Jan_18.pdf,9,si:fundamental_right,no,not_started,not_required,not_required,
annotation-32ae6662ddad,si,penal_code,දණ්ඩ නීති සංග්_රහය.pdf,56,si:fundamental_right,no,not_started,not_required,not_required,
annotation-1b2c14772789,si,penal_code,දණ්ඩ නීති සංග්_රහය.pdf,36,si:fundamental_right,no,not_started,not_required,not_required,
annotation-9568aa61e56f,si,penal_code,දණ්ඩ නීති සංග්_රහය.pdf,129,si:fundamental_right,no,not_started,not_required,not_required,
annotation-8ec1b6fae15d,si,constitution,constitution-si.pdf,240,si:fundamental_right,no,not_started,not_required,not_required,
annotation-d173c8b9ed92,si,penal_code,දණ්ඩ නීති සංග්_රහය.pdf,34,si:fundamental_right,no,not_started,not_required,not_required,
annotation-1292e968559d,si,penal_code,දණ්ඩ නීති සංග්_රහය.pdf,8,si:fundamental_right,no,not_started,not_required,not_required,
annotation-a2e5ab59f072,si,penal_code,දණ්ඩ නීති සංග්_රහය.pdf,126,si:fundamental_right,no,not_started,not_required,not_required,
annotation-58e9e2bd7be1,si,constitution,constitution-si.pdf,262,si:fundamental_right,no,not_started,not_required,not_required,
annotation-202a66f459e6,si,penal_code,දණ්ඩ නීති සංග්_රහය.pdf,113,si:fundamental_right,no,not_started,not_required,not_required,
annotation-ca7721aa6bdb,si,penal_code,දණ්ඩ නීති සංග්_රහය.pdf,131,si:fundamental_right,no,not_started,not_required,not_required,
annotation-f6366f7e44e0,si,penal_code,දණ්ඩ නීති සංග්_රහය.pdf,99,si:fundamental_right,no,not_started,not_required,not_required,
annotation-9aa1110efd52,si,constitution,constitution-si.pdf,273,si:fundamental_right,no,not_started,not_required,not_required,
annotation-101c908fce72,si,penal_code,දණ්ඩ නීති සංග්_රහය.pdf,125,si:fundamental_right,yes,not_started,not_started,not_started,
annotation-2564f0769f92,si,constitution,constitution-si.pdf,115,si:fundamental_right,no,not_started,not_required,not_required,
annotation-0ce0e2e1af72,si,constitution,constitution-si.pdf,114,si:fundamental_right,no,not_started,not_required,not_required,
annotation-41df3eb61b7d,si,penal_code,දණ්ඩ නීති සංග්_රහය.pdf,13,si:fundamental_right,yes,not_started,not_started,not_started,
annotation-29615bf94fbf,si,amendment,Amendment_PenalCode_Sinhala_2006_Apr_24.pdf,9,si:fundamental_right,no,not_started,not_required,not_required,
annotation-a10a1e96c462,si,penal_code,දණ්ඩ නීති සංග්_රහය.pdf,44,si:fundamental_right,no,not_started,not_required,not_required,
annotation-287e7c719124,si,constitution,constitution-si.pdf,122,si:fundamental_right,no,not_started,not_required,not_required,
annotation-809279412025,si,penal_code,දණ්ඩ නීති සංග්_රහය.pdf,36,si:fundamental_right,yes,not_started,not_started,not_started,
annotation-0202ae5419a2,si,constitution,constitution-si.pdf,36,si:fundamental_right,no,not_started,not_required,not_required,
annotation-c050b486be6b,si,constitution,constitution-si.pdf,118,si:fundamental_right,no,not_started,not_required,not_required,
annotation-0d7c3686b7fb,si,penal_code,දණ්ඩ නීති සංග්_රහය.pdf,113,si:fundamental_right,no,not_started,not_required,not_required,
annotation-0480b4b6a868,si,penal_code,දණ්ඩ නීති සංග්_රහය.pdf,4,si:fundamental_right,no,not_started,not_required,not_required,
annotation-a14493b5328f,si,constitution,constitution-si.pdf,120,si:fundamental_right,yes,not_started,not_started,not_started,
annotation-b7d8660fe5c4,si,constitution,constitution-si.pdf,99,si:fundamental_right,no,not_started,not_required,not_required,
annotation-3d83a639de8d,si,penal_code,දණ්ඩ නීති සංග්_රහය.pdf,45,si:fundamental_right,no,not_started,not_required,not_required,
annotation-66b52fe7adaf,si,amendment,Amendment_PenalCode_Sinhala_1980_Dec_11.pdf,7,si:fundamental_right,no,not_started,not_required,not_required,
annotation-62c8bb4598e3,si,constitution,constitution-si.pdf,262,si:fundamental_right,no,not_started,not_required,not_required,
annotation-1bc4e2dbea6b,si,penal_code,දණ්ඩ නීති සංග්_රහය.pdf,90,si:fundamental_right,no,not_started,not_required,not_required,
annotation-774ca9baa3a4,si,constitution,constitution-si.pdf,143,si:fundamental_right,no,not_started,not_required,not_required,
annotation-935a879253b5,si,constitution,constitution-si.pdf,23,si:fundamental_right,no,not_started,not_required,not_required,
annotation-1d7969ba27a3,si,penal_code,දණ්ඩ නීති සංග්_රහය.pdf,22,si:fundamental_right,no,not_started,not_required,not_required,
annotation-13b1128d423f,si,constitution,constitution-si.pdf,13,si:fundamental_right,no,not_started,not_required,not_required,
annotation-c51af42ec7a5,si,constitution,constitution-si.pdf,121,si:fundamental_right,no,not_started,not_required,not_required,
annotation-0513eeba5495,si,constitution,constitution-si.pdf,119,si:fundamental_right,no,not_started,not_required,not_required,
annotation-79d9a5476e53,si,constitution,constitution-si.pdf,213,si:fundamental_right,no,not_started,not_required,not_required,
annotation-a0178f4d6d01,si,constitution,constitution-si.pdf,44,si:fundamental_right,no,not_started,not_required,not_required,
annotation-0d60f71267ce,si,penal_code,දණ්ඩ නීති සංග්_රහය.pdf,44,si:fundamental_right,no,not_started,not_required,not_required,
annotation-044b31239f78,si,penal_code,දණ්ඩ නීති සංග්_රහය.pdf,90,si:fundamental_right,no,not_started,not_required,not_required,
annotation-c9517a322d02,si,penal_code,දණ්ඩ නීති සංග්_රහය.pdf,3,si:fundamental_right,no,not_started,not_required,not_required,
annotation-ec8d13b49881,si,penal_code,දණ්ඩ නීති සංග්_රහය.pdf,111,si:fundamental_right,no,not_started,not_required,not_required,
annotation-dd10b55de7cb,si,penal_code,දණ්ඩ නීති සංග්_රහය.pdf,131,si:fundamental_right,yes,not_started,not_started,not_started,
annotation-b21e3751c12d,si,constitution,constitution-si.pdf,114,si:fundamental_right,no,not_started,not_required,not_required,
annotation-4ffd1f0e6fe5,si,constitution,constitution-si.pdf,211,si:fundamental_right,no,not_started,not_required,not_required,
annotation-5567ead792ef,si,penal_code,දණ්ඩ නීති සංග්_රහය.pdf,114,si:fundamental_right,no,not_started,not_required,not_required,
annotation-bcaf1097634c,si,penal_code,දණ්ඩ නීති සංග්_රහය.pdf,87,si:fundamental_right,no,not_started,not_required,not_required,
annotation-6301f333e776,si,penal_code,දණ්ඩ නීති සංග්_රහය.pdf,7,si:fundamental_right,no,not_started,not_required,not_required,
annotation-a0019158894c,si,amendment,Amendment_PenalCode_Sinhala_2006_Apr_24.pdf,9,si:fundamental_right,no,not_started,not_required,not_required,
annotation-86023d512060,en,penal_code,Penal-Code I.pdf,111,en:fundamental_right,no,not_started,not_required,not_required,
annotation-6dc62f0d5be1,en,penal_code,Penal-Code I.pdf,23,en:fundamental_right,no,not_started,not_required,not_required,
annotation-ef951948d241,en,penal_code,Penal Code.pdf,12,en:fundamental_right,no,not_started,not_required,not_required,
annotation-0e72bcfef00a,en,constitution,constitution.pdf,210,en:fundamental_right,no,not_started,not_required,not_required,
annotation-9a07e8b4746c,en,constitution,constitution.pdf,144,en:fundamental_right,no,not_started,not_required,not_required,
annotation-7965658bc396,en,constitution,constitution.pdf,29,en:fundamental_right,no,not_started,not_required,not_required,
annotation-f9d2db244784,en,constitution,constitution.pdf,30,en:fundamental_right,no,not_started,not_required,not_required,
annotation-8a411046388f,en,penal_code,Penal Code.pdf,68,en:fundamental_right,no,not_started,not_required,not_required,
annotation-6004eb475a38,en,constitution,constitution.pdf,160,en:fundamental_right,no,not_started,not_required,not_required,
annotation-9f061cb86f1a,en,constitution,constitution.pdf,138,en:fundamental_right,no,not_started,not_required,not_required,
annotation-2c754d96c63a,en,constitution,constitution.pdf,37,en:fundamental_right,no,not_started,not_required,not_required,
annotation-5da248d38fc6,en,constitution,constitution.pdf,228,en:fundamental_right,no,not_started,not_required,not_required,
annotation-8cd3c529dfc8,en,constitution,constitution.pdf,229,en:fundamental_right,no,not_started,not_required,not_required,
annotation-c5a0290c8ddc,en,penal_code,Penal-Code I.pdf,65,en:fundamental_right,no,not_started,not_required,not_required,
annotation-7e0780e727ca,en,constitution,constitution.pdf,30,en:fundamental_right,yes,not_started,not_started,not_started,
annotation-efad2e6b6b9c,en,penal_code,Penal-Code I.pdf,24,en:fundamental_right,no,not_started,not_required,not_required,
annotation-67212f4757ef,en,constitution,constitution.pdf,161,en:fundamental_right,no,not_started,not_required,not_required,
annotation-9ba1aa9632ba,en,constitution,constitution.pdf,85,en:fundamental_right,no,not_started,not_required,not_required,
annotation-9c0541b23588,en,constitution,constitution.pdf,283,en:fundamental_right,no,not_started,not_required,not_required,
annotation-3f40d3cbf7fd,en,constitution,constitution.pdf,7,en:fundamental_right,no,not_started,not_required,not_required,
annotation-bc8f934a8f5e,en,penal_code,Penal Code.pdf,55,en:fundamental_right,no,not_started,not_required,not_required,
annotation-8d0129abc81e,en,constitution,constitution.pdf,52,en:fundamental_right,no,not_started,not_required,not_required,
annotation-bc73199af60f,en,penal_code,Penal-Code I.pdf,9,en:fundamental_right,no,not_started,not_required,not_required,
annotation-459a75827f18,en,constitution,constitution.pdf,31,en:fundamental_right,no,not_started,not_required,not_required,
annotation-242c0c1b44e5,en,penal_code,Penal-Code I.pdf,11,en:fundamental_right,no,not_started,not_required,not_required,
annotation-2d86cf45fd50,en,penal_code,Penal Code.pdf,71,en:fundamental_right,no,not_started,not_required,not_required,
annotation-d9ad4e42aa79,en,constitution,constitution.pdf,160,en:fundamental_right,yes,not_started,not_started,not_started,
annotation-ca0a1ee46d34,en,constitution,constitution.pdf,18,en:fundamental_right,no,not_started,not_required,not_required,
annotation-a60a092b7670,en,constitution,constitution.pdf,229,en:fundamental_right,no,not_started,not_required,not_required,
annotation-35bd00e34087,en,constitution,constitution.pdf,292,en:fundamental_right,no,not_started,not_required,not_required,
annotation-ca455ff7ce47,en,penal_code,Penal Code.pdf,12,en:fundamental_right,no,not_started,not_required,not_required,
annotation-36098c016d46,en,penal_code,Penal-Code I.pdf,133,en:fundamental_right,no,not_started,not_required,not_required,
annotation-7c00c1c372eb,en,constitution,constitution.pdf,214,en:fundamental_right,no,not_started,not_required,not_required,
annotation-2bce7f6e44c1,en,penal_code,Penal Code.pdf,13,en:fundamental_right,no,not_started,not_required,not_required,
annotation-dd292aaddddc,en,constitution,constitution.pdf,49,en:fundamental_right,no,not_started,not_required,not_required,
annotation-c97fa4d39d23,en,constitution,constitution.pdf,229,en:fundamental_right,yes,not_started,not_started,not_started,
annotation-403cf67eeb7d,en,penal_code,Penal Code.pdf,21,en:fundamental_right,no,not_started,not_required,not_required,
annotation-b2f54e893482,en,constitution,constitution.pdf,137,en:fundamental_right,no,not_started,not_required,not_required,
annotation-a66feb21d470,en,constitution,constitution.pdf,32,en:fundamental_right,yes,not_started,not_started,not_started,
annotation-17207bb714f7,en,constitution,constitution.pdf,55,en:fundamental_right,yes,not_started,not_started,not_started,
annotation-2defa51e1903,en,constitution,constitution.pdf,30,en:fundamental_right,no,not_started,not_required,not_required,
annotation-278977f11bcc,en,constitution,constitution.pdf,15,en:fundamental_right,no,not_started,not_required,not_required,
annotation-9b5fdb05ce6a,en,constitution,constitution.pdf,214,en:fundamental_right,no,not_started,not_required,not_required,
annotation-c19041ffdf4c,en,constitution,constitution.pdf,31,en:fundamental_right,no,not_started,not_required,not_required,
annotation-de2960465b13,en,constitution,constitution.pdf,242,en:fundamental_right,no,not_started,not_required,not_required,
annotation-1b627a4e5cdc,en,penal_code,Penal Code.pdf,53,en:fundamental_right,no,not_started,not_required,not_required,
annotation-f2e8898c2970,en,penal_code,Penal-Code I.pdf,51,en:fundamental_right,no,not_started,not_required,not_required,
annotation-2ac081a6cd29,en,constitution,constitution.pdf,28,en:fundamental_right,no,not_started,not_required,not_required,
annotation-99fc6d5edadf,en,constitution,constitution.pdf,23,en:fundamental_right,no,not_started,not_required,not_required,
annotation-7df4318e26ba,en,penal_code,Penal-Code I.pdf,96,en:fundamental_right,no,not_started,not_required,not_required,
annotation-b28a878b91f7,si,constitution,constitution-si.pdf,79,si:constitutional_body,yes,not_started,not_started,not_started,
annotation-9a19f41d1975,si,constitution,constitution-si.pdf,81,si:constitutional_body,no,not_started,not_required,not_required,
annotation-dce5e3769608,si,constitution,constitution-si.pdf,183,si:constitutional_body,no,not_started,not_required,not_required,
annotation-5970613e6de6,si,constitution,constitution-si.pdf,116,si:constitutional_body,no,not_started,not_required,not_required,
annotation-e8afd9d314f8,si,constitution,constitution-si.pdf,210,si:constitutional_body,no,not_started,not_required,not_required,
annotation-d3770cb75b07,si,constitution,constitution-si.pdf,275,si:constitutional_body,no,not_started,not_required,not_required,
annotation-16c4353f538a,si,constitution,constitution-si.pdf,247,si:constitutional_body,yes,not_started,not_started,not_started,
annotation-d621c9a6953a,si,constitution,constitution-si.pdf,185,si:constitutional_body,no,not_started,not_required,not_required,
annotation-75253fdc932d,si,constitution,constitution-si.pdf,173,si:constitutional_body,no,not_started,not_required,not_required,
annotation-e1a662470b8b,si,amendment,Amendment_PenalCode_Sinhala_2002_July_17.pdf,2,si:constitutional_body,no,not_started,not_required,not_required,
annotation-2569c8c8478f,si,constitution,constitution-si.pdf,116,si:constitutional_body,no,not_started,not_required,not_required,
annotation-27b9845fc2c6,si,amendment,Amendment_PenalCode_Sinhala_1998_Juny_04.pdf,6,si:constitutional_body,no,not_started,not_required,not_required,
annotation-f956fffa997a,si,constitution,constitution-si.pdf,109,si:constitutional_body,no,not_started,not_required,not_required,
annotation-feca7ba599a5,si,constitution,constitution-si.pdf,214,si:constitutional_body,no,not_started,not_required,not_required,
annotation-029289fb3bad,si,constitution,constitution-si.pdf,206,si:constitutional_body,no,not_started,not_required,not_required,
annotation-0d2917ea87d8,si,constitution,constitution-si.pdf,196,si:constitutional_body,no,not_started,not_required,not_required,
annotation-910d55827c26,si,constitution,constitution-si.pdf,135,si:constitutional_body,no,not_started,not_required,not_required,
annotation-e849cfd1bd96,si,constitution,constitution-si.pdf,266,si:constitutional_body,no,not_started,not_required,not_required,
annotation-5569783aeff0,si,constitution,constitution-si.pdf,209,si:constitutional_body,no,not_started,not_required,not_required,
annotation-be640cdf1fa9,si,constitution,constitution-si.pdf,67,si:constitutional_body,no,not_started,not_required,not_required,
annotation-878c2fec4ea7,si,constitution,constitution-si.pdf,273,si:constitutional_body,no,not_started,not_required,not_required,
annotation-6c1c60f9928b,si,constitution,constitution-si.pdf,37,si:constitutional_body,no,not_started,not_required,not_required,
annotation-5728b0e97394,si,constitution,constitution-si.pdf,133,si:constitutional_body,no,not_started,not_required,not_required,
annotation-177881d5f7e2,si,constitution,constitution-si.pdf,145,si:constitutional_body,no,not_started,not_required,not_required,
annotation-6094ec5dcdfb,si,constitution,constitution-si.pdf,190,si:constitutional_body,no,not_started,not_required,not_required,
annotation-88f1a966b23f,si,constitution,constitution-si.pdf,130,si:constitutional_body,no,not_started,not_required,not_required,
annotation-2482c1ee7f62,si,constitution,constitution-si.pdf,85,si:constitutional_body,no,not_started,not_required,not_required,
annotation-5364b5517337,si,constitution,constitution-si.pdf,203,si:constitutional_body,no,not_started,not_required,not_required,
annotation-b021d57d3f65,si,constitution,constitution-si.pdf,130,si:constitutional_body,yes,not_started,not_started,not_started,
annotation-7c9c6ce84bd6,si,constitution,constitution-si.pdf,18,si:constitutional_body,no,not_started,not_required,not_required,
annotation-79fc04ab8d90,si,amendment,Amendment_PenalCode_Sinhala_2006_Apr_24.pdf,1,si:constitutional_body,no,not_started,not_required,not_required,
annotation-35e01e7bb7bb,si,constitution,constitution-si.pdf,188,si:constitutional_body,yes,not_started,not_started,not_started,
annotation-1e646f326be0,si,constitution,constitution-si.pdf,83,si:constitutional_body,no,not_started,not_required,not_required,
annotation-7273e872b892,si,constitution,constitution-si.pdf,68,si:constitutional_body,no,not_started,not_required,not_required,
annotation-a438dd8f8bd6,si,constitution,constitution-si.pdf,71,si:constitutional_body,no,not_started,not_required,not_required,
annotation-d8431f43bb72,si,amendment,Amendment_PenalCode_Sinhala_1980_Dec_11.pdf,1,si:constitutional_body,no,not_started,not_required,not_required,
annotation-36c618f8af64,si,constitution,constitution-si.pdf,133,si:constitutional_body,no,not_started,not_required,not_required,
annotation-f7ce4e35af1c,si,constitution,constitution-si.pdf,111,si:constitutional_body,no,not_started,not_required,not_required,
annotation-8d22012d0f13,si,constitution,constitution-si.pdf,203,si:constitutional_body,no,not_started,not_required,not_required,
annotation-52b40bc9f6ab,si,constitution,constitution-si.pdf,39,si:constitutional_body,no,not_started,not_required,not_required,
annotation-395ba1639b21,si,constitution,constitution-si.pdf,19,si:constitutional_body,no,not_started,not_required,not_required,
annotation-ab63309bfabe,si,constitution,constitution-si.pdf,265,si:constitutional_body,no,not_started,not_required,not_required,
annotation-203f4a49749e,si,constitution,constitution-si.pdf,130,si:constitutional_body,no,not_started,not_required,not_required,
annotation-f4d5ba1d9c96,si,constitution,constitution-si.pdf,71,si:constitutional_body,yes,not_started,not_started,not_started,
annotation-bab7d8066465,si,constitution,constitution-si.pdf,69,si:constitutional_body,no,not_started,not_required,not_required,
annotation-fd5de17523e7,si,constitution,constitution-si.pdf,136,si:constitutional_body,no,not_started,not_required,not_required,
annotation-0f7952b8043f,si,constitution,constitution-si.pdf,111,si:constitutional_body,no,not_started,not_required,not_required,
annotation-b2e0fc053c1f,si,constitution,constitution-si.pdf,109,si:constitutional_body,no,not_started,not_required,not_required,
annotation-c9f2dbce9468,si,constitution,constitution-si.pdf,247,si:constitutional_body,no,not_started,not_required,not_required,
annotation-aec3c88c890a,si,constitution,constitution-si.pdf,177,si:constitutional_body,no,not_started,not_required,not_required,
annotation-9a9f43764ee4,en,penal_code,Penal Code.pdf,28,en:offense,no,not_started,not_required,not_required,
annotation-abd4ea71b491,en,penal_code,Penal-Code I.pdf,70,en:offense,no,not_started,not_required,not_required,
annotation-1a0a83fbbfec,en,constitution,constitution.pdf,151,en:offense,no,not_started,not_required,not_required,
annotation-659f67dccea2,en,penal_code,Penal Code.pdf,17,en:offense,no,not_started,not_required,not_required,
annotation-1c8541a710ae,en,penal_code,Penal-Code I.pdf,16,en:offense,no,not_started,not_required,not_required,
annotation-83b37d0c011d,en,penal_code,Penal Code.pdf,62,en:offense,no,not_started,not_required,not_required,
annotation-3353098bfa50,en,penal_code,Penal Code.pdf,64,en:offense,no,not_started,not_required,not_required,
annotation-302666869b4b,en,penal_code,Penal-Code I.pdf,59,en:offense,no,not_started,not_required,not_required,
annotation-5c7a603dbd4e,en,penal_code,Penal-Code I.pdf,198,en:offense,no,not_started,not_required,not_required,
annotation-01941b864359,en,penal_code,Penal-Code I.pdf,96,en:offense,no,not_started,not_required,not_required,
annotation-18fb3fb95fcd,en,constitution,constitution.pdf,184,en:offense,no,not_started,not_required,not_required,
annotation-a27dc9582739,en,constitution,constitution.pdf,109,en:offense,no,not_started,not_required,not_required,
annotation-d25d0e8a8fc4,en,penal_code,Penal-Code I.pdf,149,en:offense,no,not_started,not_required,not_required,
annotation-a4a04fa5f69b,en,penal_code,Penal Code.pdf,61,en:offense,no,not_started,not_required,not_required,
annotation-3347a20f2286,en,penal_code,Penal Code.pdf,34,en:offense,no,not_started,not_required,not_required,
annotation-c067cf623952,en,penal_code,Penal Code.pdf,48,en:offense,no,not_started,not_required,not_required,
annotation-bf1f64d54e64,en,penal_code,Penal Code.pdf,18,en:offense,no,not_started,not_required,not_required,
annotation-a9479f58403f,en,penal_code,Penal-Code I.pdf,31,en:offense,no,not_started,not_required,not_required,
annotation-863221ff2ac4,en,penal_code,Penal Code.pdf,27,en:offense,no,not_started,not_required,not_required,
annotation-ec649b7b3647,en,penal_code,Penal Code.pdf,61,en:offense,no,not_started,not_required,not_required,
annotation-3d5ec5d8e431,en,penal_code,Penal-Code I.pdf,16,en:offense,no,not_started,not_required,not_required,
annotation-67fec7b3be72,en,penal_code,Penal Code.pdf,53,en:offense,no,not_started,not_required,not_required,
annotation-7ffe6c0ab629,en,penal_code,Penal-Code I.pdf,166,en:offense,no,not_started,not_required,not_required,
annotation-2e95ea4f5d6d,en,penal_code,Penal Code.pdf,30,en:offense,no,not_started,not_required,not_required,
annotation-c2a1796e736d,en,penal_code,Penal Code.pdf,12,en:offense,no,not_started,not_required,not_required,
annotation-9fb242791b53,en,penal_code,Penal Code.pdf,24,en:offense,no,not_started,not_required,not_required,
annotation-4e7d0ff3a77e,en,penal_code,Penal Code.pdf,18,en:offense,no,not_started,not_required,not_required,
annotation-57f39e42cc46,en,penal_code,Penal Code.pdf,75,en:offense,no,not_started,not_required,not_required,
annotation-b19af0cf30f8,en,penal_code,Penal-Code I.pdf,134,en:offense,no,not_started,not_required,not_required,
annotation-8fb297856df6,en,penal_code,Penal-Code I.pdf,129,en:offense,no,not_started,not_required,not_required,
annotation-aa111c6ea9a8,en,penal_code,Penal-Code I.pdf,28,en:offense,no,not_started,not_required,not_required,
annotation-46d42210af55,en,constitution,constitution.pdf,54,en:offense,yes,not_started,not_started,not_started,
annotation-e3a383658f8c,en,penal_code,Penal-Code I.pdf,142,en:offense,no,not_started,not_required,not_required,
annotation-18e0b5de57fe,en,penal_code,Penal-Code I.pdf,151,en:offense,no,not_started,not_required,not_required,
annotation-b16aabfb0e49,en,penal_code,Penal Code.pdf,46,en:offense,no,not_started,not_required,not_required,
annotation-a79c5ceeef0d,en,penal_code,Penal Code.pdf,72,en:offense,yes,not_started,not_started,not_started,
annotation-67918dc9dd23,en,penal_code,Penal Code.pdf,7,en:offense,yes,not_started,not_started,not_started,
annotation-b78502a78238,en,penal_code,Penal Code.pdf,58,en:offense,no,not_started,not_required,not_required,
annotation-5c2703e2e5b6,en,penal_code,Penal Code.pdf,17,en:offense,no,not_started,not_required,not_required,
annotation-ad9d404292eb,en,penal_code,Penal-Code I.pdf,11,en:offense,no,not_started,not_required,not_required,
annotation-46272332d07d,en,constitution,constitution.pdf,287,en:offense,no,not_started,not_required,not_required,
annotation-e75ea810d819,en,penal_code,Penal-Code I.pdf,144,en:offense,no,not_started,not_required,not_required,
annotation-07e4bd80f177,en,penal_code,Penal Code.pdf,46,en:offense,no,not_started,not_required,not_required,
annotation-f07836142697,en,penal_code,Penal Code.pdf,77,en:offense,no,not_started,not_required,not_required,
annotation-142171a56328,en,constitution,constitution.pdf,288,en:offense,no,not_started,not_required,not_required,
annotation-b7b7ed7170e0,en,penal_code,Penal Code.pdf,21,en:offense,no,not_started,not_required,not_required,
annotation-ef3766e1b177,en,penal_code,Penal Code.pdf,43,en:offense,yes,not_started,not_started,not_started,
annotation-8728c3e8945e,en,penal_code,Penal Code.pdf,56,en:offense,no,not_started,not_required,not_required,
annotation-60e9994dfe0e,en,constitution,constitution.pdf,108,en:offense,no,not_started,not_required,not_required,
annotation-bd58ca54ded3,en,penal_code,Penal-Code I.pdf,17,en:offense,yes,not_started,not_started,not_started,
annotation-b6d07015bd87,en,penal_code,Penal-Code I.pdf,178,en:penalty,no,not_started,not_required,not_required,
annotation-a08064dc9277,en,penal_code,Penal Code.pdf,65,en:penalty,no,not_started,not_required,not_required,
annotation-ac116ca4d95d,en,constitution,constitution.pdf,250,en:penalty,no,not_started,not_required,not_required,
annotation-0a8fff3125f2,en,penal_code,Penal Code.pdf,66,en:penalty,no,not_started,not_required,not_required,
annotation-eb5615ec02c6,en,constitution,constitution.pdf,211,en:penalty,no,not_started,not_required,not_required,
annotation-ff5d55cea96c,en,penal_code,Penal Code.pdf,68,en:penalty,no,not_started,not_required,not_required,
annotation-577275a5ff1e,en,penal_code,Penal Code.pdf,49,en:penalty,no,not_started,not_required,not_required,
annotation-595a3dc88f64,en,penal_code,Penal Code.pdf,67,en:penalty,no,not_started,not_required,not_required,
annotation-1708209ec41b,en,constitution,constitution.pdf,29,en:penalty,no,not_started,not_required,not_required,
annotation-49a5e502894d,en,penal_code,Penal-Code I.pdf,158,en:penalty,no,not_started,not_required,not_required,
annotation-c59b72e2c902,en,penal_code,Penal-Code I.pdf,35,en:penalty,no,not_started,not_required,not_required,
annotation-f89163de5e7f,en,constitution,constitution.pdf,226,en:penalty,no,not_started,not_required,not_required,
annotation-8787064e7d27,en,penal_code,Penal Code.pdf,33,en:penalty,no,not_started,not_required,not_required,
annotation-c1dcbd5ad6de,en,penal_code,Penal Code.pdf,78,en:penalty,no,not_started,not_required,not_required,
annotation-c22206d46ea5,en,penal_code,Penal-Code I.pdf,87,en:penalty,no,not_started,not_required,not_required,
annotation-3c78b833850c,en,penal_code,Penal-Code I.pdf,107,en:penalty,yes,not_started,not_started,not_started,
annotation-3f9719beb967,en,penal_code,Penal-Code I.pdf,130,en:penalty,no,not_started,not_required,not_required,
annotation-948c2c3b87a8,en,penal_code,Penal-Code I.pdf,140,en:penalty,no,not_started,not_required,not_required,
annotation-02440b11606a,en,penal_code,Penal Code.pdf,3,en:penalty,no,not_started,not_required,not_required,
annotation-6863fa162c17,en,penal_code,Penal-Code I.pdf,99,en:penalty,no,not_started,not_required,not_required,
annotation-7943fc0223c0,en,constitution,constitution.pdf,142,en:penalty,no,not_started,not_required,not_required,
annotation-5b6e421653b6,en,penal_code,Penal Code.pdf,34,en:penalty,no,not_started,not_required,not_required,
annotation-6e577aed527a,en,penal_code,Penal-Code I.pdf,39,en:penalty,no,not_started,not_required,not_required,
annotation-40989753597f,en,penal_code,Penal-Code I.pdf,53,en:penalty,no,not_started,not_required,not_required,
annotation-b0d821cafb82,en,constitution,constitution.pdf,227,en:penalty,no,not_started,not_required,not_required,
annotation-d8a5099f4ad5,en,penal_code,Penal Code.pdf,28,en:penalty,no,not_started,not_required,not_required,
annotation-aa547d39b60a,en,penal_code,Penal Code.pdf,51,en:penalty,no,not_started,not_required,not_required,
annotation-64ffc6e0a37e,en,penal_code,Penal-Code I.pdf,142,en:penalty,no,not_started,not_required,not_required,
annotation-64287627ee5f,en,penal_code,Penal Code.pdf,79,en:penalty,yes,not_started,not_started,not_started,
annotation-dfa07d54452c,en,penal_code,Penal-Code I.pdf,158,en:penalty,no,not_started,not_required,not_required,
annotation-b767d972645a,en,penal_code,Penal Code.pdf,54,en:penalty,no,not_started,not_required,not_required,
annotation-575b4133bbf6,en,penal_code,Penal Code.pdf,47,en:penalty,no,not_started,not_required,not_required,
annotation-16979e954550,en,penal_code,Penal-Code I.pdf,177,en:penalty,no,not_started,not_required,not_required,
annotation-f9180a992ea6,en,penal_code,Penal-Code I.pdf,154,en:penalty,no,not_started,not_required,not_required,
annotation-9238e791a639,en,penal_code,Penal-Code I.pdf,174,en:penalty,no,not_started,not_required,not_required,
annotation-54e6bb329f07,en,penal_code,Penal Code.pdf,66,en:penalty,no,not_started,not_required,not_required,
annotation-9ac8b97035d4,en,penal_code,Penal Code.pdf,22,en:penalty,no,not_started,not_required,not_required,
annotation-f7c160cb8987,en,penal_code,Penal Code.pdf,40,en:penalty,yes,not_started,not_started,not_started,
annotation-0e34da3f0327,en,penal_code,Penal Code.pdf,30,en:penalty,no,not_started,not_required,not_required,
annotation-5a6c55d63c94,en,penal_code,Penal Code.pdf,66,en:penalty,no,not_started,not_required,not_required,
annotation-122a17fd81a3,en,penal_code,Penal-Code I.pdf,126,en:penalty,no,not_started,not_required,not_required,
annotation-66c220435c59,en,penal_code,Penal-Code I.pdf,29,en:penalty,no,not_started,not_required,not_required,
annotation-c21e11572105,en,penal_code,Penal Code.pdf,70,en:penalty,no,not_started,not_required,not_required,
annotation-e11c97f64868,en,penal_code,Penal-Code I.pdf,76,en:penalty,no,not_started,not_required,not_required,
annotation-c8abb087adc9,en,penal_code,Penal Code.pdf,17,en:penalty,no,not_started,not_required,not_required,
annotation-f130385f9e9e,en,penal_code,Penal-Code I.pdf,43,en:penalty,no,not_started,not_required,not_required,
annotation-79aa987c3a67,en,penal_code,Penal-Code I.pdf,73,en:penalty,no,not_started,not_required,not_required,
annotation-afd74f9813a4,en,penal_code,Penal Code.pdf,36,en:penalty,no,not_started,not_required,not_required,
annotation-6ad47586de9a,en,penal_code,Penal-Code I.pdf,114,en:penalty,yes,not_started,not_started,not_started,
annotation-233c4b273ec3,en,penal_code,Penal-Code I.pdf,165,en:penalty,yes,not_started,not_started,not_started,
annotation-e6a6f8dc5be3,si,penal_code,දණ්ඩ නීති සංග්_රහය.pdf,88,si:offense,no,not_started,not_required,not_required,
annotation-b02e08b2c058,si,penal_code,දණ්ඩ නීති සංග්_රහය.pdf,128,si:offense,no,not_started,not_required,not_required,
annotation-dba8d5633de7,si,penal_code,දණ්ඩ නීති සංග්_රහය.pdf,106,si:offense,no,not_started,not_required,not_required,
annotation-552ff4d767e2,si,constitution,constitution-si.pdf,271,si:offense,no,not_started,not_required,not_required,
annotation-74a64f428ed5,si,penal_code,දණ්ඩ නීති සංග්_රහය.pdf,126,si:offense,no,not_started,not_required,not_required,
annotation-bb6c70407cea,si,penal_code,දණ්ඩ නීති සංග්_රහය.pdf,69,si:offense,no,not_started,not_required,not_required,
annotation-6d95087989a4,si,constitution,constitution-si.pdf,270,si:offense,no,not_started,not_required,not_required,
annotation-c19421d88d80,si,penal_code,දණ්ඩ නීති සංග්_රහය.pdf,22,si:offense,no,not_started,not_required,not_required,
annotation-61ae425068a3,si,penal_code,දණ්ඩ නීති සංග්_රහය.pdf,107,si:offense,no,not_started,not_required,not_required,
annotation-83233b21dafd,si,penal_code,දණ්ඩ නීති සංග්_රහය.pdf,84,si:offense,no,not_started,not_required,not_required,
annotation-9b2accb83e75,si,amendment,Amendment_PenalCode_Sinhala_1998_Juny_04.pdf,3,si:offense,no,not_started,not_required,not_required,
annotation-5c2b4a29b7f7,si,constitution,constitution-si.pdf,213,si:offense,no,not_started,not_required,not_required,
annotation-a33854a63666,si,penal_code,දණ්ඩ නීති සංග්_රහය.pdf,83,si:offense,no,not_started,not_required,not_required,
annotation-dafa9e62d09c,si,amendment,Amendment_PenalCode_Sinhala_1980_Dec_11.pdf,3,si:offense,no,not_started,not_required,not_required,
annotation-744020128f60,si,penal_code,දණ්ඩ නීති සංග්_රහය.pdf,120,si:offense,no,not_started,not_required,not_required,
annotation-1233060be560,si,penal_code,දණ්ඩ නීති සංග්_රහය.pdf,56,si:offense,no,not_started,not_required,not_required,
annotation-92d0098e3bee,si,penal_code,දණ්ඩ නීති සංග්_රහය.pdf,84,si:offense,no,not_started,not_required,not_required,
annotation-01c807ef794e,si,penal_code,දණ්ඩ නීති සංග්_රහය.pdf,126,si:offense,no,not_started,not_required,not_required,
annotation-aeaea9a5ed05,si,penal_code,දණ්ඩ නීති සංග්_රහය.pdf,54,si:offense,no,not_started,not_required,not_required,
annotation-81f2eaef205b,si,penal_code,දණ්ඩ නීති සංග්_රහය.pdf,61,si:offense,no,not_started,not_required,not_required,
annotation-a3a5da204799,si,constitution,constitution-si.pdf,106,si:offense,no,not_started,not_required,not_required,
annotation-41a4c7d3b7bf,si,penal_code,දණ්ඩ නීති සංග්_රහය.pdf,137,si:offense,no,not_started,not_required,not_required,
annotation-0c8e1c40be03,si,penal_code,දණ්ඩ නීති සංග්_රහය.pdf,114,si:offense,yes,not_started,not_started,not_started,
annotation-04dab4cb23f4,si,penal_code,දණ්ඩ නීති සංග්_රහය.pdf,83,si:offense,no,not_started,not_required,not_required,
annotation-9022ea1dfe89,si,penal_code,දණ්ඩ නීති සංග්_රහය.pdf,100,si:offense,yes,not_started,not_started,not_started,
annotation-8415bf3d82c9,si,penal_code,දණ්ඩ නීති සංග්_රහය.pdf,18,si:offense,no,not_started,not_required,not_required,
annotation-52b93d52ca8b,si,penal_code,දණ්ඩ නීති සංග්_රහය.pdf,9,si:offense,no,not_started,not_required,not_required,
annotation-793fcf88ce37,si,penal_code,දණ්ඩ නීති සංග්_රහය.pdf,48,si:offense,no,not_started,not_required,not_required,
annotation-2984cc59a66a,si,amendment,Amendment_PenalCode_Sinhala_2006_Apr_24.pdf,10,si:offense,no,not_started,not_required,not_required,
annotation-c72a862e0140,si,penal_code,දණ්ඩ නීති සංග්_රහය.pdf,30,si:offense,no,not_started,not_required,not_required,
annotation-5681bf43dce0,si,penal_code,දණ්ඩ නීති සංග්_රහය.pdf,42,si:offense,no,not_started,not_required,not_required,
annotation-9fd476c898ba,si,penal_code,දණ්ඩ නීති සංග්_රහය.pdf,128,si:offense,no,not_started,not_required,not_required,
annotation-6131d750cbf3,si,penal_code,දණ්ඩ නීති සංග්_රහය.pdf,56,si:offense,yes,not_started,not_started,not_started,
annotation-ca1926ec61b8,si,penal_code,දණ්ඩ නීති සංග්_රහය.pdf,10,si:offense,no,not_started,not_required,not_required,
annotation-31ab225c0bae,si,penal_code,දණ්ඩ නීති සංග්_රහය.pdf,87,si:offense,no,not_started,not_required,not_required,
annotation-77b8cd89755a,si,penal_code,දණ්ඩ නීති සංග්_රහය.pdf,28,si:offense,no,not_started,not_required,not_required,
annotation-684e14335319,si,penal_code,දණ්ඩ නීති සංග්_රහය.pdf,25,si:offense,no,not_started,not_required,not_required,
annotation-12475f7c1ed2,si,penal_code,දණ්ඩ නීති සංග්_රහය.pdf,60,si:offense,no,not_started,not_required,not_required,
annotation-9378023972dc,si,amendment,Amendment_PenalCode_Sinhala_1980_Dec_11.pdf,5,si:offense,no,not_started,not_required,not_required,
annotation-c7ad27d40703,si,amendment,Amendment_PenalCode_Sinhala_1980_Dec_11.pdf,7,si:offense,no,not_started,not_required,not_required,
annotation-1eed8384fb48,si,penal_code,දණ්ඩ නීති සංග්_රහය.pdf,94,si:offense,yes,not_started,not_started,not_started,
annotation-43a0032d0253,si,penal_code,දණ්ඩ නීති සංග්_රහය.pdf,23,si:offense,no,not_started,not_required,not_required,
annotation-1818fb8cbb76,si,penal_code,දණ්ඩ නීති සංග්_රහය.pdf,16,si:offense,no,not_started,not_required,not_required,
annotation-c260c717f3d1,si,penal_code,දණ්ඩ නීති සංග්_රහය.pdf,107,si:offense,no,not_started,not_required,not_required,
annotation-0b3ddcbce4e2,si,penal_code,දණ්ඩ නීති සංග්_රහය.pdf,25,si:offense,no,not_started,not_required,not_required,
annotation-8faaad5d3561,si,penal_code,දණ්ඩ නීති සංග්_රහය.pdf,34,si:offense,no,not_started,not_required,not_required,
annotation-83305e139c3b,si,amendment,Amendment_PenalCode_Sinhala_2006_Apr_24.pdf,10,si:offense,no,not_started,not_required,not_required,
annotation-5ef8540c2eb5,si,penal_code,දණ්ඩ නීති සංග්_රහය.pdf,24,si:offense,yes,not_started,not_started,not_started,
annotation-16909c2801b7,si,penal_code,දණ්ඩ නීති සංග්_රහය.pdf,24,si:offense,no,not_started,not_required,not_required,
annotation-0557c53c1ca7,si,penal_code,දණ්ඩ නීති සංග්_රහය.pdf,105,si:offense,no,not_started,not_required,not_required,
annotation-4dad96e5213d,si,penal_code,දණ්ඩ නීති සංග්_රහය.pdf,44,si:penalty,no,not_started,not_required,not_required,
annotation-0e11be2a2769,si,penal_code,දණ්ඩ නීති සංග්_රහය.pdf,16,si:penalty,no,not_started,not_required,not_required,
annotation-c89cf7fd4f6d,si,penal_code,දණ්ඩ නීති සංග්_රහය.pdf,35,si:penalty,no,not_started,not_required,not_required,
annotation-ad0baf051aa1,si,penal_code,දණ්ඩ නීති සංග්_රහය.pdf,49,si:penalty,no,not_started,not_required,not_required,
annotation-9526d7eacb0a,si,penal_code,දණ්ඩ නීති සංග්_රහය.pdf,70,si:penalty,yes,not_started,not_started,not_started,
annotation-58d146597fdd,si,penal_code,දණ්ඩ නීති සංග්_රහය.pdf,28,si:penalty,yes,not_started,not_started,not_started,
annotation-b53ad3b825c7,si,penal_code,දණ්ඩ නීති සංග්_රහය.pdf,60,si:penalty,no,not_started,not_required,not_required,
annotation-68d69f57e925,si,penal_code,දණ්ඩ නීති සංග්_රහය.pdf,39,si:penalty,no,not_started,not_required,not_required,
annotation-ba2327e53f94,si,penal_code,දණ්ඩ නීති සංග්_රහය.pdf,96,si:penalty,no,not_started,not_required,not_required,
annotation-4ceec45ab1f8,si,penal_code,දණ්ඩ නීති සංග්_රහය.pdf,31,si:penalty,no,not_started,not_required,not_required,
annotation-8bcab26313c1,si,penal_code,දණ්ඩ නීති සංග්_රහය.pdf,60,si:penalty,no,not_started,not_required,not_required,
annotation-604791c94c4d,si,penal_code,දණ්ඩ නීති සංග්_රහය.pdf,102,si:penalty,no,not_started,not_required,not_required,
annotation-9a9ac81ba1d6,si,penal_code,දණ්ඩ නීති සංග්_රහය.pdf,133,si:penalty,no,not_started,not_required,not_required,
annotation-57e88e6d7c89,si,penal_code,දණ්ඩ නීති සංග්_රහය.pdf,64,si:penalty,no,not_started,not_required,not_required,
annotation-719b308ae5e5,si,penal_code,දණ්ඩ නීති සංග්_රහය.pdf,54,si:penalty,no,not_started,not_required,not_required,
annotation-43494a659f32,si,penal_code,දණ්ඩ නීති සංග්_රහය.pdf,55,si:penalty,no,not_started,not_required,not_required,
annotation-c89a9a7409fc,si,penal_code,දණ්ඩ නීති සංග්_රහය.pdf,131,si:penalty,no,not_started,not_required,not_required,
annotation-3ff9af59dd54,si,penal_code,දණ්ඩ නීති සංග්_රහය.pdf,117,si:penalty,no,not_started,not_required,not_required,
annotation-95260c6cffa5,si,penal_code,දණ්ඩ නීති සංග්_රහය.pdf,121,si:penalty,no,not_started,not_required,not_required,
annotation-8bf78eb00605,si,penal_code,දණ්ඩ නීති සංග්_රහය.pdf,38,si:penalty,no,not_started,not_required,not_required,
annotation-1b5ef8b08714,si,penal_code,දණ්ඩ නීති සංග්_රහය.pdf,36,si:penalty,no,not_started,not_required,not_required,
annotation-c3a33c6b04b8,si,penal_code,දණ්ඩ නීති සංග්_රහය.pdf,52,si:penalty,yes,not_started,not_started,not_started,
annotation-5bc4f6fb41cb,si,penal_code,දණ්ඩ නීති සංග්_රහය.pdf,76,si:penalty,no,not_started,not_required,not_required,
annotation-4021da80a675,si,penal_code,දණ්ඩ නීති සංග්_රහය.pdf,60,si:penalty,no,not_started,not_required,not_required,
annotation-223890d451f2,si,penal_code,දණ්ඩ නීති සංග්_රහය.pdf,82,si:penalty,no,not_started,not_required,not_required,
annotation-6a861f647bae,si,penal_code,දණ්ඩ නීති සංග්_රහය.pdf,105,si:penalty,no,not_started,not_required,not_required,
annotation-e1b935132c93,si,penal_code,දණ්ඩ නීති සංග්_රහය.pdf,121,si:penalty,no,not_started,not_required,not_required,
annotation-14f2bdf4ab21,si,penal_code,දණ්ඩ නීති සංග්_රහය.pdf,86,si:penalty,no,not_started,not_required,not_required,
annotation-9d455a8b7858,si,penal_code,දණ්ඩ නීති සංග්_රහය.pdf,58,si:penalty,no,not_started,not_required,not_required,
annotation-72018068c427,si,penal_code,දණ්ඩ නීති සංග්_රහය.pdf,62,si:penalty,no,not_started,not_required,not_required,
annotation-9fc25e2c9cd9,si,penal_code,දණ්ඩ නීති සංග්_රහය.pdf,112,si:penalty,no,not_started,not_required,not_required,
annotation-66a4b2dfe768,si,penal_code,දණ්ඩ නීති සංග්_රහය.pdf,75,si:penalty,no,not_started,not_required,not_required,
annotation-b44505b711c3,si,penal_code,දණ්ඩ නීති සංග්_රහය.pdf,120,si:penalty,no,not_started,not_required,not_required,
annotation-78544a8953ed,si,penal_code,දණ්ඩ නීති සංග්_රහය.pdf,64,si:penalty,no,not_started,not_required,not_required,
annotation-aab9908580f9,si,penal_code,දණ්ඩ නීති සංග්_රහය.pdf,13,si:penalty,no,not_started,not_required,not_required,
annotation-836bed01a1aa,si,constitution,constitution-si.pdf,147,si:penalty,yes,not_started,not_started,not_started,
annotation-5f38ea85c650,si,penal_code,දණ්ඩ නීති සංග්_රහය.pdf,120,si:penalty,no,not_started,not_required,not_required,
annotation-22c8ffe356ab,si,penal_code,දණ්ඩ නීති සංග්_රහය.pdf,74,si:penalty,no,not_started,not_required,not_required,
annotation-d2d7c6985e07,si,penal_code,දණ්ඩ නීති සංග්_රහය.pdf,14,si:penalty,no,not_started,not_required,not_required,
annotation-050d2173ff52,si,penal_code,දණ්ඩ නීති සංග්_රහය.pdf,33,si:penalty,no,not_started,not_required,not_required,
annotation-b5026c2b203b,si,penal_code,දණ්ඩ නීති සංග්_රහය.pdf,98,si:penalty,no,not_started,not_required,not_required,
annotation-f3fd08fb7c13,si,penal_code,දණ්ඩ නීති සංග්_රහය.pdf,65,si:penalty,no,not_started,not_required,not_required,
annotation-b2eb9a45211d,si,penal_code,දණ්ඩ නීති සංග්_රහය.pdf,55,si:penalty,no,not_started,not_required,not_required,
annotation-d8268a371b10,si,penal_code,දණ්ඩ නීති සංග්_රහය.pdf,134,si:penalty,no,not_started,not_required,not_required,
annotation-a5b3bce60430,si,penal_code,දණ්ඩ නීති සංග්_රහය.pdf,37,si:penalty,no,not_started,not_required,not_required,
annotation-2f2d80355f85,si,penal_code,දණ්ඩ නීති සංග්_රහය.pdf,69,si:penalty,no,not_started,not_required,not_required,
annotation-0e4e175a283c,si,penal_code,දණ්ඩ නීති සංග්_රහය.pdf,72,si:penalty,yes,not_started,not_started,not_started,
annotation-948739b1d9bc,si,penal_code,දණ්ඩ නීති සංග්_රහය.pdf,82,si:penalty,no,not_started,not_required,not_required,
annotation-f20b17b37380,si,penal_code,දණ්ඩ නීති සංග්_රහය.pdf,130,si:penalty,no,not_started,not_required,not_required,
annotation-6577553b9475,si,penal_code,දණ්ඩ නීති සංග්_රහය.pdf,120,si:penalty,no,not_started,not_required,not_required,
annotation-9528c689552d,si,constitution,constitution-si.pdf,199,si:temporal,no,not_started,not_required,not_required,
annotation-fad271c77a3f,si,penal_code,දණ්ඩ නීති සංග්_රහය.pdf,76,si:temporal,no,not_started,not_required,not_required,
annotation-2d19d3536ed8,si,penal_code,දණ්ඩ නීති සංග්_රහය.pdf,82,si:temporal,no,not_started,not_required,not_required,
annotation-d5ce5f39fa2b,si,constitution,constitution-si.pdf,101,si:temporal,no,not_started,not_required,not_required,
annotation-c25d53a1bef2,si,penal_code,දණ්ඩ නීති සංග්_රහය.pdf,13,si:temporal,no,not_started,not_required,not_required,
annotation-4490553d9c28,si,penal_code,දණ්ඩ නීති සංග්_රහය.pdf,65,si:temporal,no,not_started,not_required,not_required,
annotation-1e34646d762c,si,penal_code,දණ්ඩ නීති සංග්_රහය.pdf,67,si:temporal,no,not_started,not_required,not_required,
annotation-103b61fa880c,si,penal_code,දණ්ඩ නීති සංග්_රහය.pdf,96,si:temporal,no,not_started,not_required,not_required,
annotation-899b1ea391ef,si,penal_code,දණ්ඩ නීති සංග්_රහය.pdf,69,si:temporal,no,not_started,not_required,not_required,
annotation-7e8155d66d63,si,constitution,constitution-si.pdf,132,si:temporal,yes,not_started,not_started,not_started,
annotation-2d1cb99d0ebc,si,constitution,constitution-si.pdf,157,si:temporal,no,not_started,not_required,not_required,
annotation-8fd3d6a22ea3,si,constitution,constitution-si.pdf,224,si:temporal,no,not_started,not_required,not_required,
annotation-638c1fb3352e,si,penal_code,දණ්ඩ නීති සංග්_රහය.pdf,104,si:temporal,no,not_started,not_required,not_required,
annotation-c133d9864bba,si,penal_code,දණ්ඩ නීති සංග්_රහය.pdf,36,si:temporal,no,not_started,not_required,not_required,
annotation-df4d2fc5eae8,si,amendment,Amendment_PenalCode_Sinhala_2006_Apr_24.pdf,9,si:temporal,no,not_started,not_required,not_required,
annotation-2165f3820d85,si,penal_code,දණ්ඩ නීති සංග්_රහය.pdf,34,si:temporal,no,not_started,not_required,not_required,
annotation-b82c8e589209,si,amendment,Amendment_PenalCode_Sinhala_1980_Dec_11.pdf,2,si:temporal,no,not_started,not_required,not_required,
annotation-f1b14038840e,si,penal_code,දණ්ඩ නීති සංග්_රහය.pdf,96,si:temporal,no,not_started,not_required,not_required,
annotation-8aacf72f7765,si,constitution,constitution-si.pdf,231,si:temporal,yes,not_started,not_started,not_started,
annotation-05fb41b40958,si,amendment,Amendment_PenalCode_Sinhala_2006_Apr_24.pdf,12,si:temporal,no,not_started,not_required,not_required,
annotation-6f7bf8ad138f,si,penal_code,දණ්ඩ නීති සංග්_රහය.pdf,114,si:temporal,no,not_started,not_required,not_required,
annotation-53f31ee7cb07,si,penal_code,දණ්ඩ නීති සංග්_රහය.pdf,64,si:temporal,no,not_started,not_required,not_required,
annotation-f7f2acaf8584,si,amendment,Amendment_PenalCode_Sinhala_1980_Dec_11.pdf,6,si:temporal,no,not_started,not_required,not_required,
annotation-6f8ae1cf8fc1,si,constitution,constitution-si.pdf,181,si:temporal,no,not_started,not_required,not_required,
annotation-e3344d980fe0,si,amendment,Amendment_PenalCode_Sinhala_1980_Dec_11.pdf,6,si:temporal,no,not_started,not_required,not_required,
annotation-4a9383ff7446,si,penal_code,දණ්ඩ නීති සංග්_රහය.pdf,121,si:temporal,no,not_started,not_required,not_required,
annotation-24b4a1504514,si,constitution,constitution-si.pdf,84,si:temporal,no,not_started,not_required,not_required,
annotation-7424b299671f,si,penal_code,දණ්ඩ නීති සංග්_රහය.pdf,74,si:temporal,no,not_started,not_required,not_required,
annotation-e2f69ca84a08,si,penal_code,දණ්ඩ නීති සංග්_රහය.pdf,50,si:temporal,no,not_started,not_required,not_required,
annotation-3a7db66573a7,si,penal_code,දණ්ඩ නීති සංග්_රහය.pdf,113,si:temporal,yes,not_started,not_started,not_started,
annotation-7e7d1f4d938f,si,penal_code,දණ්ඩ නීති සංග්_රහය.pdf,136,si:temporal,no,not_started,not_required,not_required,
annotation-b09684de95f2,si,penal_code,දණ්ඩ නීති සංග්_රහය.pdf,76,si:temporal,no,not_started,not_required,not_required,
annotation-7d737b1814af,si,constitution,constitution-si.pdf,191,si:temporal,no,not_started,not_required,not_required,
annotation-fa02ad7785c8,si,amendment,Amendment_PenalCode_Sinhala_2018_May_21.pdf,1,si:temporal,no,not_started,not_required,not_required,
annotation-c0a7a38cee1f,si,penal_code,දණ්ඩ නීති සංග්_රහය.pdf,74,si:temporal,yes,not_started,not_started,not_started,
annotation-fd9e2b2f2f2d,si,penal_code,දණ්ඩ නීති සංග්_රහය.pdf,64,si:temporal,no,not_started,not_required,not_required,
annotation-735f156a262d,si,penal_code,දණ්ඩ නීති සංග්_රහය.pdf,120,si:temporal,no,not_started,not_required,not_required,
annotation-2ce4fbbe4e0d,si,penal_code,දණ්ඩ නීති සංග්_රහය.pdf,33,si:temporal,no,not_started,not_required,not_required,
annotation-64e5dfad58ab,si,penal_code,දණ්ඩ නීති සංග්_රහය.pdf,121,si:temporal,no,not_started,not_required,not_required,
annotation-7e6cf1401358,si,penal_code,දණ්ඩ නීති සංග්_රහය.pdf,87,si:temporal,no,not_started,not_required,not_required,
annotation-ea9e231cb078,si,penal_code,දණ්ඩ නීති සංග්_රහය.pdf,55,si:temporal,no,not_started,not_required,not_required,
annotation-5ad68225927e,si,penal_code,දණ්ඩ නීති සංග්_රහය.pdf,34,si:temporal,yes,not_started,not_started,not_started,
annotation-161c6d118f73,si,constitution,constitution-si.pdf,88,si:temporal,no,not_started,not_required,not_required,
annotation-a44bd37a602f,si,constitution,constitution-si.pdf,174,si:temporal,no,not_started,not_required,not_required,
annotation-1bb5841c953e,si,penal_code,දණ්ඩ නීති සංග්_රහය.pdf,137,si:temporal,no,not_started,not_required,not_required,
annotation-5889085c8a84,si,penal_code,දණ්ඩ නීති සංග්_රහය.pdf,98,si:temporal,no,not_started,not_required,not_required,
annotation-552453602dc8,si,penal_code,දණ්ඩ නීති සංග්_රහය.pdf,59,si:temporal,no,not_started,not_required,not_required,
annotation-2a6742d0758a,si,penal_code,දණ්ඩ නීති සංග්_රහය.pdf,88,si:temporal,no,not_started,not_required,not_required,
annotation-ef96a558c551,si,penal_code,දණ්ඩ නීති සංග්_රහය.pdf,74,si:temporal,no,not_started,not_required,not_required,
annotation-5a45968fcc6f,si,penal_code,දණ්ඩ නීති සංග්_රහය.pdf,61,si:temporal,no,not_started,not_required,not_required,
annotation-a412fbe2c42d,en,penal_code,Penal-Code I.pdf,183,en:temporal,yes,not_started,not_started,not_started,
annotation-0b59f85c9ff1,en,constitution,constitution.pdf,52,en:temporal,no,not_started,not_required,not_required,
annotation-dc967744fc21,en,penal_code,Penal Code.pdf,28,en:temporal,no,not_started,not_required,not_required,
annotation-056a05f50277,en,penal_code,Penal-Code I.pdf,71,en:temporal,no,not_started,not_required,not_required,
annotation-2b3f91f71944,en,constitution,constitution.pdf,285,en:temporal,no,not_started,not_required,not_required,
annotation-3fb5c60ba4cb,en,constitution,constitution.pdf,276,en:temporal,yes,not_started,not_started,not_started,
annotation-ddb8c7101bc4,en,constitution,constitution.pdf,223,en:temporal,no,not_started,not_required,not_required,
annotation-c5b80e19c8aa,en,penal_code,Penal-Code I.pdf,2,en:temporal,yes,not_started,not_started,not_started,
annotation-ea5c093d911f,en,constitution,constitution.pdf,166,en:temporal,no,not_started,not_required,not_required,
annotation-bbddae4b8275,en,penal_code,Penal-Code I.pdf,35,en:temporal,no,not_started,not_required,not_required,
annotation-e7a9fbacdfd2,en,constitution,constitution.pdf,246,en:temporal,no,not_started,not_required,not_required,
annotation-60b12c52d91f,en,penal_code,Penal-Code I.pdf,85,en:temporal,no,not_started,not_required,not_required,
annotation-18928fba7e01,en,penal_code,Penal-Code I.pdf,181,en:temporal,no,not_started,not_required,not_required,
annotation-254e0162b115,en,constitution,constitution.pdf,138,en:temporal,no,not_started,not_required,not_required,
annotation-b069e58a6b8d,en,penal_code,Penal-Code I.pdf,78,en:temporal,no,not_started,not_required,not_required,
annotation-09dc159cb7a0,en,constitution,constitution.pdf,179,en:temporal,no,not_started,not_required,not_required,
annotation-4916b1741b79,en,penal_code,Penal-Code I.pdf,70,en:temporal,no,not_started,not_required,not_required,
annotation-dc4cb28f677e,en,penal_code,Penal Code.pdf,50,en:temporal,no,not_started,not_required,not_required,
annotation-75b516a4a32f,en,penal_code,Penal-Code I.pdf,180,en:temporal,yes,not_started,not_started,not_started,
annotation-96c379aed521,en,constitution,constitution.pdf,96,en:temporal,no,not_started,not_required,not_required,
annotation-9abe911448c4,en,constitution,constitution.pdf,28,en:temporal,no,not_started,not_required,not_required,
annotation-1feb15cb23a0,en,constitution,constitution.pdf,196,en:temporal,no,not_started,not_required,not_required,
annotation-69df1ab4d767,en,penal_code,Penal Code.pdf,69,en:temporal,no,not_started,not_required,not_required,
annotation-fd1696ef44eb,en,constitution,constitution.pdf,48,en:temporal,no,not_started,not_required,not_required,
annotation-16199603bf45,en,constitution,constitution.pdf,62,en:temporal,no,not_started,not_required,not_required,
annotation-a52b78a40df0,en,penal_code,Penal Code.pdf,77,en:temporal,no,not_started,not_required,not_required,
annotation-3360dd5d1c0a,en,constitution,constitution.pdf,176,en:temporal,no,not_started,not_required,not_required,
annotation-daafe0ec6c59,en,constitution,constitution.pdf,277,en:temporal,no,not_started,not_required,not_required,
annotation-15b9ff6ef5cd,en,penal_code,Penal-Code I.pdf,74,en:temporal,no,not_started,not_required,not_required,
annotation-d30f234d54a5,en,constitution,constitution.pdf,47,en:temporal,no,not_started,not_required,not_required,
annotation-4350347ec8a3,en,constitution,constitution.pdf,247,en:temporal,no,not_started,not_required,not_required,
annotation-bd86c9444056,en,penal_code,Penal-Code I.pdf,125,en:temporal,no,not_started,not_required,not_required,
annotation-f531500240ac,en,penal_code,Penal-Code I.pdf,41,en:temporal,no,not_started,not_required,not_required,
annotation-90937f8d3b50,en,constitution,constitution.pdf,187,en:temporal,no,not_started,not_required,not_required,
annotation-77943ea48083,en,penal_code,Penal-Code I.pdf,169,en:temporal,no,not_started,not_required,not_required,
annotation-fbd31e1c9f5a,en,penal_code,Penal Code.pdf,32,en:temporal,no,not_started,not_required,not_required,
annotation-a1e87b15f158,en,penal_code,Penal-Code I.pdf,105,en:temporal,no,not_started,not_required,not_required,
annotation-623414bc9bc6,en,penal_code,Penal Code.pdf,57,en:temporal,no,not_started,not_required,not_required,
annotation-7855449de327,en,penal_code,Penal-Code I.pdf,120,en:temporal,no,not_started,not_required,not_required,
annotation-427ec0bffa4d,en,constitution,constitution.pdf,175,en:temporal,yes,not_started,not_started,not_started,
annotation-37f5a72c94dc,en,constitution,constitution.pdf,245,en:temporal,no,not_started,not_required,not_required,
annotation-767624c0fd80,en,penal_code,Penal-Code I.pdf,140,en:temporal,no,not_started,not_required,not_required,
annotation-6805dc9a4eab,en,penal_code,Penal Code.pdf,27,en:temporal,no,not_started,not_required,not_required,
annotation-adb364024e47,en,penal_code,Penal-Code I.pdf,107,en:temporal,no,not_started,not_required,not_required,
annotation-6ba32e382134,en,penal_code,Penal-Code I.pdf,69,en:temporal,no,not_started,not_required,not_required,
annotation-d05b270393a7,en,penal_code,Penal Code.pdf,64,en:temporal,no,not_started,not_required,not_required,
annotation-800534a9b39f,en,penal_code,Penal-Code I.pdf,170,en:temporal,no,not_started,not_required,not_required,
annotation-fe2f11cacea0,en,constitution,constitution.pdf,178,en:temporal,no,not_started,not_required,not_required,
annotation-d5deca0218df,en,penal_code,Penal Code.pdf,24,en:temporal,no,not_started,not_required,not_required,
annotation-d34d3dcfbd62,en,penal_code,Penal Code.pdf,51,en:temporal,no,not_started,not_required,not_required,
annotation-b4e134642373,en,constitution,constitution.pdf,75,en:constitutional_body,no,not_started,not_required,not_required,
annotation-bfa9e04a677d,en,constitution,constitution.pdf,164,en:constitutional_body,no,not_started,not_required,not_required,
annotation-318506cd92f7,en,constitution,constitution.pdf,65,en:constitutional_body,no,not_started,not_required,not_required,
annotation-d418044cddc4,en,constitution,constitution.pdf,159,en:constitutional_body,no,not_started,not_required,not_required,
annotation-36e2ea8d81eb,en,penal_code,Penal-Code I.pdf,30,en:constitutional_body,no,not_started,not_required,not_required,
annotation-4fcc542b0d88,en,constitution,constitution.pdf,95,en:constitutional_body,no,not_started,not_required,not_required,
annotation-4405f2bd3839,en,constitution,constitution.pdf,218,en:constitutional_body,yes,not_started,not_started,not_started,
annotation-aa9cf5a04c8b,en,constitution,constitution.pdf,83,en:constitutional_body,yes,not_started,not_started,not_started,
annotation-9c4af8511991,en,constitution,constitution.pdf,99,en:constitutional_body,no,not_started,not_required,not_required,
annotation-31490950150b,en,constitution,constitution.pdf,167,en:constitutional_body,no,not_started,not_required,not_required,
annotation-dd9bfbe0c104,en,constitution,constitution.pdf,131,en:constitutional_body,no,not_started,not_required,not_required,
annotation-72433a48cbb0,en,constitution,constitution.pdf,98,en:constitutional_body,no,not_started,not_required,not_required,
annotation-498da35e1ee2,en,constitution,constitution.pdf,162,en:constitutional_body,no,not_started,not_required,not_required,
annotation-95cde77b43af,en,constitution,constitution.pdf,219,en:constitutional_body,no,not_started,not_required,not_required,
annotation-7f78a5d5c575,en,constitution,constitution.pdf,176,en:constitutional_body,no,not_started,not_required,not_required,
annotation-9590d4deef59,en,constitution,constitution.pdf,212,en:constitutional_body,no,not_started,not_required,not_required,
annotation-4c351c3088b2,en,constitution,constitution.pdf,95,en:constitutional_body,no,not_started,not_required,not_required,
annotation-a7e8cdb6caee,en,constitution,constitution.pdf,55,en:constitutional_body,no,not_started,not_required,not_required,
annotation-20b2c9220ad8,en,constitution,constitution.pdf,258,en:constitutional_body,no,not_started,not_required,not_required,
annotation-ca1a4f54835f,en,constitution,constitution.pdf,75,en:constitutional_body,no,not_started,not_required,not_required,
annotation-5858a89d2a12,en,constitution,constitution.pdf,90,en:constitutional_body,yes,not_started,not_started,not_started,
annotation-4cf733762e7e,en,constitution,constitution.pdf,282,en:constitutional_body,no,not_started,not_required,not_required,
annotation-6cede92f239f,en,constitution,constitution.pdf,250,en:constitutional_body,no,not_started,not_required,not_required,
annotation-b6fe2315864f,en,constitution,constitution.pdf,275,en:constitutional_body,no,not_started,not_required,not_required,
annotation-6a06bcb1a459,en,penal_code,Penal Code.pdf,18,en:constitutional_body,no,not_started,not_required,not_required,
annotation-bb54e1aec6d3,en,constitution,constitution.pdf,186,en:constitutional_body,no,not_started,not_required,not_required,
annotation-2699936e9954,en,constitution,constitution.pdf,130,en:constitutional_body,no,not_started,not_required,not_required,
annotation-f69d18348ad7,en,constitution,constitution.pdf,13,en:constitutional_body,no,not_started,not_required,not_required,
annotation-8514593e39d4,en,constitution,constitution.pdf,107,en:constitutional_body,no,not_started,not_required,not_required,
annotation-c925fb7ddfbe,en,constitution,constitution.pdf,204,en:constitutional_body,no,not_started,not_required,not_required,
annotation-252e56c2af3e,en,constitution,constitution.pdf,66,en:constitutional_body,no,not_started,not_required,not_required,
annotation-52f13d9cb705,en,constitution,constitution.pdf,100,en:constitutional_body,no,not_started,not_required,not_required,
annotation-eecd966313fc,en,constitution,constitution.pdf,82,en:constitutional_body,yes,not_started,not_started,not_started,
annotation-d53ebbe2221b,en,constitution,constitution.pdf,119,en:constitutional_body,no,not_started,not_required,not_required,
annotation-0d71ee4a1315,en,penal_code,Penal Code.pdf,14,en:constitutional_body,no,not_started,not_required,not_required,
annotation-b4aeb370abc0,en,constitution,constitution.pdf,15,en:constitutional_body,no,not_started,not_required,not_required,
annotation-c80195b45a2f,en,constitution,constitution.pdf,85,en:constitutional_body,no,not_started,not_required,not_required,
annotation-2c2ff43e75f1,en,constitution,constitution.pdf,244,en:constitutional_body,no,not_started,not_required,not_required,
annotation-c46d872653aa,en,constitution,constitution.pdf,282,en:constitutional_body,no,not_started,not_required,not_required,
annotation-a35946e13947,en,constitution,constitution.pdf,206,en:constitutional_body,no,not_started,not_required,not_required,
annotation-362bc134d8b2,en,constitution,constitution.pdf,255,en:constitutional_body,no,not_started,not_required,not_required,
annotation-e63a2c1f1264,en,constitution,constitution.pdf,77,en:constitutional_body,yes,not_started,not_started,not_started,
annotation-f803d8b44372,en,penal_code,Penal-Code I.pdf,186,en:constitutional_body,no,not_started,not_required,not_required,
annotation-656b225ee51e,en,constitution,constitution.pdf,59,en:constitutional_body,no,not_started,not_required,not_required,
annotation-a91300e6cdba,en,constitution,constitution.pdf,196,en:constitutional_body,no,not_started,not_required,not_required,
annotation-516d0eb1f5f1,en,constitution,constitution.pdf,78,en:constitutional_body,no,not_started,not_required,not_required,
annotation-235c923e0165,en,constitution,constitution.pdf,306,en:constitutional_body,no,not_started,not_required,not_required,
annotation-885ba0991571,en,constitution,constitution.pdf,222,en:constitutional_body,no,not_started,not_required,not_required,
annotation-e4652f795425,en,constitution,constitution.pdf,10,en:constitutional_body,no,not_started,not_required,not_required,
annotation-b56506d13288,en,constitution,constitution.pdf,289,en:constitutional_body,no,not_started,not_required,not_required,
