task_id,selection_cue_group,language,source_file,pdf_page_number,annotation_status,notes
annotation-ca0a1ee46d34,en:fundamental_right,en,constitution.pdf,18,not_started,
annotation-242c0c1b44e5,en:fundamental_right,en,Penal-Code I.pdf,11,not_started,
annotation-7df4318e26ba,en:fundamental_right,en,Penal-Code I.pdf,96,not_started,
annotation-2d86cf45fd50,en:fundamental_right,en,Penal Code.pdf,71,not_started,
annotation-36098c016d46,en:fundamental_right,en,Penal-Code I.pdf,133,not_started,
annotation-c5a0290c8ddc,en:fundamental_right,en,Penal-Code I.pdf,65,not_started,
annotation-9a07e8b4746c,en:fundamental_right,en,constitution.pdf,144,not_started,
annotation-35bd00e34087,en:fundamental_right,en,constitution.pdf,292,not_started,
annotation-7965658bc396,en:fundamental_right,en,constitution.pdf,29,not_started,
annotation-6dc62f0d5be1,en:fundamental_right,en,Penal-Code I.pdf,23,not_started,
annotation-0480b4b6a868,si:fundamental_right,si,දණ්ඩ නීති සංග්_රහය.pdf,4,not_started,
annotation-1bc4e2dbea6b,si:fundamental_right,si,දණ්ඩ නීති සංග්_රහය.pdf,90,not_started,
annotation-ca7721aa6bdb,si:fundamental_right,si,දණ්ඩ නීති සංග්_රහය.pdf,131,not_started,
annotation-0d7c3686b7fb,si:fundamental_right,si,දණ්ඩ නීති සංග්_රහය.pdf,113,not_started,
annotation-0513eeba5495,si:fundamental_right,si,constitution-si.pdf,119,not_started,
annotation-13b1128d423f,si:fundamental_right,si,constitution-si.pdf,13,not_started,
annotation-6301f333e776,si:fundamental_right,si,දණ්ඩ නීති සංග්_රහය.pdf,7,not_started,
annotation-287e7c719124,si:fundamental_right,si,constitution-si.pdf,122,not_started,
annotation-66b52fe7adaf,si:fundamental_right,si,Amendment_PenalCode_Sinhala_1980_Dec_11.pdf,7,not_started,
annotation-0ce0e2e1af72,si:fundamental_right,si,constitution-si.pdf,114,not_started,
annotation-d5ce5f39fa2b,si:temporal,si,constitution-si.pdf,101,not_started,
annotation-5889085c8a84,si:temporal,si,දණ්ඩ නීති සංග්_රහය.pdf,98,not_started,
annotation-64e5dfad58ab,si:temporal,si,දණ්ඩ නීති සංග්_රහය.pdf,121,not_started,
annotation-fd9e2b2f2f2d,si:temporal,si,දණ්ඩ නීති සංග්_රහය.pdf,64,not_started,
annotation-e3344d980fe0,si:temporal,si,Amendment_PenalCode_Sinhala_1980_Dec_11.pdf,6,not_started,
annotation-6f8ae1cf8fc1,si:temporal,si,constitution-si.pdf,181,not_started,
annotation-2ce4fbbe4e0d,si:temporal,si,දණ්ඩ නීති සංග්_රහය.pdf,33,not_started,
annotation-2d1cb99d0ebc,si:temporal,si,constitution-si.pdf,157,not_started,
annotation-fad271c77a3f,si:temporal,si,දණ්ඩ නීති සංග්_රහය.pdf,76,not_started,
annotation-103b61fa880c,si:temporal,si,දණ්ඩ නීති සංග්_රහය.pdf,96,not_started,
