review_id,source_file,pdf_page_number,review_type,automated_status,visual_classification,review_decision,observed_issue,reviewer_role,review_date
rejected-constitution-si-p0002,constitution-si.pdf,2,rejected_page,rejected,blank_or_negligible_scan_marks,exclude_as_blank_page,No legal text visible in rendered page,technical_reviewer,2026-09-13
rejected-constitution-si-p0006,constitution-si.pdf,6,rejected_page,rejected,blank_or_negligible_scan_marks,exclude_as_blank_page,No legal text visible in rendered page,technical_reviewer,2026-09-13
rejected-constitution-si-p0022,constitution-si.pdf,22,rejected_page,rejected,blank_or_negligible_scan_marks,exclude_as_blank_page,No legal text visible in rendered page,technical_reviewer,2026-09-13
rejected-constitution-si-p0024,constitution-si.pdf,24,rejected_page,rejected,blank_or_negligible_scan_marks,exclude_as_blank_page,No legal text visible in rendered page,technical_reviewer,2026-09-13
rejected-constitution-si-p0250,constitution-si.pdf,250,rejected_page,rejected,blank_or_negligible_scan_marks,exclude_as_blank_page,No legal text visible in rendered page,technical_reviewer,2026-09-13
rejected-constitution-si-p0252,constitution-si.pdf,252,rejected_page,rejected,blank_or_negligible_scan_marks,exclude_as_blank_page,No legal text visible in rendered page,technical_reviewer,2026-09-13
rejected-penal-si-p0001,දණ්ඩ නීති සංග්_රහය.pdf,1,rejected_page,rejected,cover_page,retain_as_document_metadata,Title Chapter 19 and 2015 visible but page is not body provision text,technical_reviewer,2026-09-13
ocr-sample-amendment-1980-p0005,Amendment_PenalCode_Sinhala_1980_Dec_11.pdf,5,ocr_sample,pending_review,body_legal_text,needs_human_correction,OCR errors visible in words and provision numbers; compare every amendment instruction with image,technical_reviewer,2026-09-13
ocr-sample-amendment-1998-p0003,Amendment_PenalCode_Sinhala_1998_Juny_04.pdf,3,ocr_sample,pending_review,body_legal_text,needs_human_correction,OCR has spelling and layout errors; leading section marker requires correction,technical_reviewer,2026-09-13
ocr-sample-amendment-2002-p0002,Amendment_PenalCode_Sinhala_2002_July_17.pdf,2,ocr_sample,pending_review,body_legal_text,needs_human_correction,Material digit errors in year Act number and date; not safe for automatic amendment application,technical_reviewer,2026-09-13
ocr-sample-amendment-2006-p0008,Amendment_PenalCode_Sinhala_2006_Apr_24.pdf,8,ocr_sample,pending_review,body_legal_text,needs_human_correction,OCR mostly readable but character and word errors remain,technical_reviewer,2026-09-13
ocr-sample-amendment-2018-p0002,Amendment_PenalCode_Sinhala_2018_May_21.pdf,2,ocr_sample,pending_review,body_legal_text,needs_human_correction,Core title and date readable but punctuation and words contain OCR errors,technical_reviewer,2026-09-13
ocr-sample-amendment-2021-5-p0005,Amendment_PenalCode_Sinhala_2021_Jan_18.pdf,5,ocr_sample,pending_review,body_legal_text,needs_human_correction,Provision numbers appear readable but amendment wording contains OCR errors,technical_reviewer,2026-09-13
ocr-sample-amendment-2021-25-p0002,Amendment_PenalCode_Sinhala_2021_Oct_26.pdf,2,ocr_sample,pending_review,body_legal_text,needs_human_correction,Core title date and section 53 visible but words and punctuation contain OCR errors,technical_reviewer,2026-09-13
ocr-sample-penal-si-p0070,දණ්ඩ නීති සංග්_රහය.pdf,70,ocr_sample,pending_review,body_legal_text,needs_human_correction,Section numbers/layout generally recovered but repeated word-level OCR errors are visible,technical_reviewer,2026-09-13
