task_id,selection_cue_group,language,document_type,source_file,pdf_page_number,shared_subset,annotator_1_status,annotator_2_status,adjudication_status,notes
annotation-a2e5ab59f072,si:fundamental_right,si,penal_code,දණ්ඩ නීති සංග්_රහය.pdf,126,no,not_started,not_required,not_required,
annotation-a10a1e96c462,si:fundamental_right,si,penal_code,දණ්ඩ නීති සංග්_රහය.pdf,44,yes,not_started,not_started,not_started,
annotation-58e9e2bd7be1,si:fundamental_right,si,constitution,constitution-si.pdf,262,no,not_started,not_required,not_required,
annotation-3d83a639de8d,si:fundamental_right,si,penal_code,දණ්ඩ නීති සංග්_රහය.pdf,45,yes,not_started,not_started,not_started,
annotation-b7d8660fe5c4,si:fundamental_right,si,constitution,constitution-si.pdf,99,no,not_started,not_required,not_required,
annotation-bcaf1097634c,si:fundamental_right,si,penal_code,දණ්ඩ නීති සංග්_රහය.pdf,87,yes,not_started,not_started,not_started,
annotation-935a879253b5,si:fundamental_right,si,constitution,constitution-si.pdf,23,yes,not_started,not_started,not_started,
annotation-29615bf94fbf,si:fundamental_right,si,amendment,Amendment_PenalCode_Sinhala_2006_Apr_24.pdf,9,no,not_started,not_required,not_required,
annotation-79d9a5476e53,si:fundamental_right,si,constitution,constitution-si.pdf,213,no,not_started,not_required,not_required,
annotation-0202ae5419a2,si:fundamental_right,si,constitution,constitution-si.pdf,36,no,not_started,not_required,not_required,
annotation-c050b486be6b,si:fundamental_right,si,constitution,constitution-si.pdf,118,no,not_started,not_required,not_required,
annotation-f6366f7e44e0,si:fundamental_right,si,penal_code,දණ්ඩ නීති සංග්_රහය.pdf,99,no,not_started,not_required,not_required,
annotation-1292e968559d,si:fundamental_right,si,penal_code,දණ්ඩ නීති සංග්_රහය.pdf,8,no,not_started,not_required,not_required,
annotation-774ca9baa3a4,si:fundamental_right,si,constitution,constitution-si.pdf,143,no,not_started,not_required,not_required,
annotation-9aa1110efd52,si:fundamental_right,si,constitution,constitution-si.pdf,273,no,not_started,not_required,not_required,
annotation-1d7969ba27a3,si:fundamental_right,si,penal_code,දණ්ඩ නීති සංග්_රහය.pdf,22,no,not_started,not_required,not_required,
annotation-0ccb89104ba0,si:fundamental_right,si,amendment,Amendment_PenalCode_Sinhala_2021_Jan_18.pdf,9,no,not_started,not_required,not_required,
annotation-2564f0769f92,si:fundamental_right,si,constitution,constitution-si.pdf,115,no,not_started,not_required,not_required,
annotation-ec8d13b49881,si:fundamental_right,si,penal_code,දණ්ඩ නීති සංග්_රහය.pdf,111,no,not_started,not_required,not_required,
annotation-4ffd1f0e6fe5,si:fundamental_right,si,constitution,constitution-si.pdf,211,yes,not_started,not_started,not_started,
annotation-a0178f4d6d01,si:fundamental_right,si,constitution,constitution-si.pdf,44,no,not_started,not_required,not_required,
annotation-9568aa61e56f,si:fundamental_right,si,penal_code,දණ්ඩ නීති සංග්_රහය.pdf,129,no,not_started,not_required,not_required,
annotation-c9517a322d02,si:fundamental_right,si,penal_code,දණ්ඩ නීති සංග්_රහය.pdf,3,yes,not_started,not_started,not_started,
annotation-8ec1b6fae15d,si:fundamental_right,si,constitution,constitution-si.pdf,240,yes,not_started,not_started,not_started,
annotation-c51af42ec7a5,si:fundamental_right,si,constitution,constitution-si.pdf,121,yes,not_started,not_started,not_started,
annotation-ea48c38e1823,en:fundamental_right,en,constitution,constitution.pdf,31,no,not_started,not_required,not_required,
annotation-4c384460e079,en:fundamental_right,en,constitution,constitution.pdf,165,no,not_started,not_required,not_required,
annotation-9f061cb86f1a,en:fundamental_right,en,constitution,constitution.pdf,138,no,not_started,not_required,not_required,
annotation-b6d07015bd87,en:fundamental_right,en,penal_code,Penal-Code I.pdf,178,no,not_started,not_required,not_required,
annotation-4caaa291529d,en:fundamental_right,en,constitution,constitution.pdf,170,no,not_started,not_required,not_required,
annotation-5da248d38fc6,en:fundamental_right,en,constitution,constitution.pdf,228,no,not_started,not_required,not_required,
annotation-9b5fdb05ce6a,en:fundamental_right,en,constitution,constitution.pdf,214,no,not_started,not_required,not_required,
annotation-c97ff48960ed,en:fundamental_right,en,penal_code,Penal Code.pdf,4,no,not_started,not_required,not_required,
annotation-e5c52155cc5f,en:fundamental_right,en,constitution,constitution.pdf,28,no,not_started,not_required,not_required,
annotation-278977f11bcc,en:fundamental_right,en,constitution,constitution.pdf,15,no,not_started,not_required,not_required,
annotation-03a31c92b982,en:fundamental_right,en,constitution,constitution.pdf,7,no,not_started,not_required,not_required,
annotation-848665d89b22,en:fundamental_right,en,penal_code,Penal-Code I.pdf,26,no,not_started,not_required,not_required,
annotation-47398539b346,en:fundamental_right,en,penal_code,Penal-Code I.pdf,83,no,not_started,not_required,not_required,
annotation-f04d2efb7215,en:fundamental_right,en,penal_code,Penal Code.pdf,25,yes,not_started,not_started,not_started,
annotation-aed5fe535745,en:fundamental_right,en,constitution,constitution.pdf,248,no,not_started,not_required,not_required,
annotation-bfcea60b22d3,en:fundamental_right,en,penal_code,Penal-Code I.pdf,42,yes,not_started,not_started,not_started,
annotation-af0c5f8af21b,en:fundamental_right,en,constitution,constitution.pdf,11,no,not_started,not_required,not_required,
annotation-a08064dc9277,en:fundamental_right,en,penal_code,Penal Code.pdf,65,yes,not_started,not_started,not_started,
annotation-50025522b973,en:fundamental_right,en,penal_code,Penal Code.pdf,5,no,not_started,not_required,not_required,
annotation-2c754d96c63a,en:fundamental_right,en,constitution,constitution.pdf,37,no,not_started,not_required,not_required,
annotation-fbd31e1c9f5a,en:fundamental_right,en,penal_code,Penal Code.pdf,32,no,not_started,not_required,not_required,
annotation-07e4bd80f177,en:fundamental_right,en,penal_code,Penal Code.pdf,46,no,not_started,not_required,not_required,
annotation-c2a1796e736d,en:fundamental_right,en,penal_code,Penal Code.pdf,12,yes,not_started,not_started,not_started,
annotation-bc8f934a8f5e,en:fundamental_right,en,penal_code,Penal Code.pdf,55,no,not_started,not_required,not_required,
annotation-422ea873332b,en:fundamental_right,en,penal_code,Penal Code.pdf,13,no,not_started,not_required,not_required,
annotation-5b4cfc55414a,en:fundamental_right,en,penal_code,Penal-Code I.pdf,106,yes,not_started,not_started,not_started,
annotation-58f8db12bd8a,en:fundamental_right,en,penal_code,Penal-Code I.pdf,25,no,not_started,not_required,not_required,
annotation-101fca11a6a7,en:fundamental_right,en,constitution,constitution.pdf,44,no,not_started,not_required,not_required,
annotation-efad2e6b6b9c,en:fundamental_right,en,penal_code,Penal-Code I.pdf,24,no,not_started,not_required,not_required,
annotation-f2e8898c2970,en:fundamental_right,en,penal_code,Penal-Code I.pdf,51,yes,not_started,not_started,not_started,
annotation-c605781919a6,en:fundamental_right,en,constitution,constitution.pdf,33,yes,not_started,not_started,not_started,
annotation-0af16909b668,en:fundamental_right,en,penal_code,Penal-Code I.pdf,27,no,not_started,not_required,not_required,
annotation-573d5780f805,en:fundamental_right,en,constitution,constitution.pdf,187,no,not_started,not_required,not_required,
annotation-99fc6d5edadf,en:fundamental_right,en,constitution,constitution.pdf,23,no,not_started,not_required,not_required,
annotation-09dc911ee695,en:fundamental_right,en,penal_code,Penal-Code I.pdf,95,no,not_started,not_required,not_required,
annotation-b2f54e893482,en:fundamental_right,en,constitution,constitution.pdf,137,no,not_started,not_required,not_required,
annotation-8a411046388f,en:fundamental_right,en,penal_code,Penal Code.pdf,68,no,not_started,not_required,not_required,
annotation-de2960465b13,en:fundamental_right,en,constitution,constitution.pdf,242,no,not_started,not_required,not_required,
annotation-86023d512060,en:fundamental_right,en,penal_code,Penal-Code I.pdf,111,no,not_started,not_required,not_required,
annotation-dd292aaddddc,en:fundamental_right,en,constitution,constitution.pdf,49,no,not_started,not_required,not_required,
annotation-60e9994dfe0e,en:fundamental_right,en,constitution,constitution.pdf,108,yes,not_started,not_started,not_started,
annotation-323b8d5cec0c,en:fundamental_right,en,penal_code,Penal-Code I.pdf,50,yes,not_started,not_started,not_started,
annotation-9c0541b23588,en:fundamental_right,en,constitution,constitution.pdf,283,no,not_started,not_required,not_required,
annotation-67212f4757ef,en:fundamental_right,en,constitution,constitution.pdf,161,no,not_started,not_required,not_required,
annotation-34871207cfc5,en:fundamental_right,en,constitution,constitution.pdf,12,no,not_started,not_required,not_required,
annotation-d2c60bff920c,si:constitutional_body,si,constitution,constitution-si.pdf,67,no,not_started,not_required,not_required,
annotation-d434b51a1288,si:constitutional_body,si,constitution,constitution-si.pdf,174,no,not_started,not_required,not_required,
annotation-8dc97ad4d59a,si:constitutional_body,si,constitution,constitution-si.pdf,195,no,not_started,not_required,not_required,
annotation-972e45387b25,si:constitutional_body,si,constitution,constitution-si.pdf,194,yes,not_started,not_started,not_started,
annotation-fd5de17523e7,si:constitutional_body,si,constitution,constitution-si.pdf,136,no,not_started,not_required,not_required,
annotation-1673b7c06428,si:constitutional_body,si,constitution,constitution-si.pdf,133,no,not_started,not_required,not_required,
annotation-0de247f505ca,si:constitutional_body,si,amendment,Amendment_PenalCode_Sinhala_2021_Jan_18.pdf,6,no,not_started,not_required,not_required,
annotation-9221ed5a9ee6,si:constitutional_body,si,constitution,constitution-si.pdf,82,no,not_started,not_required,not_required,
annotation-9451d047cc41,si:constitutional_body,si,constitution,constitution-si.pdf,178,no,not_started,not_required,not_required,
annotation-34bf7ef8e8c6,si:constitutional_body,si,constitution,constitution-si.pdf,19,no,not_started,not_required,not_required,
annotation-898747f1e666,si:constitutional_body,si,amendment,Amendment_PenalCode_Sinhala_2021_Jan_18.pdf,10,no,not_started,not_required,not_required,
annotation-ad8efb12caba,si:constitutional_body,si,constitution,constitution-si.pdf,179,no,not_started,not_required,not_required,
annotation-43271f2a94ff,si:constitutional_body,si,constitution,constitution-si.pdf,117,yes,not_started,not_started,not_started,
annotation-c2041aa7d01e,si:constitutional_body,si,constitution,constitution-si.pdf,274,no,not_started,not_required,not_required,
annotation-55bff245ec8c,si:constitutional_body,si,constitution,constitution-si.pdf,224,no,not_started,not_required,not_required,
annotation-113e1e391bb3,si:constitutional_body,si,constitution,constitution-si.pdf,113,yes,not_started,not_started,not_started,
annotation-00eab5f3ead5,si:constitutional_body,si,constitution,constitution-si.pdf,98,no,not_started,not_required,not_required,
annotation-12786834f281,si:constitutional_body,si,constitution,constitution-si.pdf,146,no,not_started,not_required,not_required,
annotation-bab7d8066465,si:constitutional_body,si,constitution,constitution-si.pdf,69,yes,not_started,not_started,not_started,
annotation-1149946ce184,si:constitutional_body,si,constitution,constitution-si.pdf,268,no,not_started,not_required,not_required,
annotation-d7f4372180da,si:constitutional_body,si,constitution,constitution-si.pdf,144,no,not_started,not_required,not_required,
annotation-b54e6ea3c77d,si:constitutional_body,si,constitution,constitution-si.pdf,184,yes,not_started,not_started,not_started,
annotation-1a038c386689,si:constitutional_body,si,constitution,constitution-si.pdf,204,yes,not_started,not_started,not_started,
annotation-8658f5075b34,si:constitutional_body,si,constitution,constitution-si.pdf,206,no,not_started,not_required,not_required,
annotation-39063748f38a,si:constitutional_body,si,constitution,constitution-si.pdf,83,no,not_started,not_required,not_required,
annotation-feca7ba599a5,si:constitutional_body,si,constitution,constitution-si.pdf,214,no,not_started,not_required,not_required,
annotation-9fb2aad85edf,si:constitutional_body,si,constitution,constitution-si.pdf,135,yes,not_started,not_started,not_started,
annotation-8becf0151bd4,si:constitutional_body,si,constitution,constitution-si.pdf,10,no,not_started,not_required,not_required,
annotation-01f82c785127,si:constitutional_body,si,constitution,constitution-si.pdf,202,no,not_started,not_required,not_required,
annotation-f6db8e896f8f,si:constitutional_body,si,constitution,constitution-si.pdf,134,no,not_started,not_required,not_required,
annotation-fb133b835836,si:constitutional_body,si,constitution,constitution-si.pdf,129,no,not_started,not_required,not_required,
annotation-c6fd0ceffb8f,si:constitutional_body,si,constitution,constitution-si.pdf,68,yes,not_started,not_started,not_started,
annotation-99701979a2b9,si:constitutional_body,si,constitution,constitution-si.pdf,173,no,not_started,not_required,not_required,
annotation-32844ea2d355,si:constitutional_body,si,constitution,constitution-si.pdf,177,no,not_started,not_required,not_required,
annotation-0b41f6f5fbd8,si:constitutional_body,si,constitution,constitution-si.pdf,236,no,not_started,not_required,not_required,
annotation-cc93c7f0ef21,si:constitutional_body,si,constitution,constitution-si.pdf,128,no,not_started,not_required,not_required,
annotation-d5440d690b96,si:constitutional_body,si,constitution,constitution-si.pdf,148,no,not_started,not_required,not_required,
annotation-d3770cb75b07,si:constitutional_body,si,constitution,constitution-si.pdf,275,no,not_started,not_required,not_required,
annotation-79fc04ab8d90,si:constitutional_body,si,amendment,Amendment_PenalCode_Sinhala_2006_Apr_24.pdf,1,no,not_started,not_required,not_required,
annotation-a93bed5c8f39,si:constitutional_body,si,constitution,constitution-si.pdf,197,no,not_started,not_required,not_required,
annotation-57f28edf9ab5,si:constitutional_body,si,constitution,constitution-si.pdf,205,no,not_started,not_required,not_required,
annotation-83a5ed670aa6,si:constitutional_body,si,constitution,constitution-si.pdf,212,no,not_started,not_required,not_required,
annotation-2eb3723dd2f4,si:constitutional_body,si,constitution,constitution-si.pdf,64,no,not_started,not_required,not_required,
annotation-18a5e246eaa8,si:constitutional_body,si,constitution,constitution-si.pdf,190,no,not_started,not_required,not_required,
annotation-c59b72e2c902,en:offense,en,penal_code,Penal-Code I.pdf,35,no,not_started,not_required,not_required,
annotation-f07836142697,en:offense,en,penal_code,Penal Code.pdf,77,no,not_started,not_required,not_required,
annotation-785f58e0b23a,en:offense,en,penal_code,Penal Code.pdf,27,yes,not_started,not_started,not_started,
annotation-81796260f093,en:offense,en,penal_code,Penal Code.pdf,74,no,not_started,not_required,not_required,
annotation-4916b1741b79,en:offense,en,penal_code,Penal-Code I.pdf,70,no,not_started,not_required,not_required,
annotation-b5a8125a7be9,en:offense,en,penal_code,Penal-Code I.pdf,19,no,not_started,not_required,not_required,
annotation-056a05f50277,en:offense,en,penal_code,Penal-Code I.pdf,71,no,not_started,not_required,not_required,
annotation-9ac8b97035d4,en:offense,en,penal_code,Penal Code.pdf,22,no,not_started,not_required,not_required,
annotation-0bc93fcabd68,en:offense,en,penal_code,Penal-Code I.pdf,109,yes,not_started,not_started,not_started,
annotation-dc100c557d8c,en:offense,en,penal_code,Penal-Code I.pdf,144,no,not_started,not_required,not_required,
annotation-b6f7493dff96,en:offense,en,penal_code,Penal Code.pdf,37,yes,not_started,not_started,not_started,
annotation-f2b11e4cb574,en:offense,en,penal_code,Penal Code.pdf,35,no,not_started,not_required,not_required,
annotation-7faee46cb006,en:offense,en,penal_code,Penal-Code I.pdf,31,no,not_started,not_required,not_required,
annotation-8c28edd73aac,en:offense,en,penal_code,Penal-Code I.pdf,12,no,not_started,not_required,not_required,
annotation-511d9904bbbb,en:offense,en,penal_code,Penal-Code I.pdf,153,no,not_started,not_required,not_required,
annotation-5aa78a2936fd,en:offense,en,penal_code,Penal-Code I.pdf,141,no,not_started,not_required,not_required,
annotation-c4ea33d72dde,en:offense,en,constitution,constitution.pdf,87,yes,not_started,not_started,not_started,
annotation-6bf0ac6298b7,en:offense,en,penal_code,Penal-Code I.pdf,45,no,not_started,not_required,not_required,
annotation-8f0cbe44f33a,en:offense,en,penal_code,Penal Code.pdf,73,no,not_started,not_required,not_required,
annotation-9238e791a639,en:offense,en,penal_code,Penal-Code I.pdf,174,yes,not_started,not_started,not_started,
annotation-825071e7e2a1,en:offense,en,penal_code,Penal-Code I.pdf,175,no,not_started,not_required,not_required,
annotation-023d7f14665a,en:offense,en,constitution,constitution.pdf,111,no,not_started,not_required,not_required,
annotation-deb34524d0ac,en:offense,en,constitution,constitution.pdf,110,no,not_started,not_required,not_required,
annotation-02440b11606a,en:offense,en,penal_code,Penal Code.pdf,3,no,not_started,not_required,not_required,
annotation-01ad8fcdb3a7,en:offense,en,penal_code,Penal Code.pdf,50,no,not_started,not_required,not_required,
annotation-1d4adbf477f1,en:offense,en,penal_code,Penal-Code I.pdf,115,no,not_started,not_required,not_required,
annotation-ecc034e9a9e7,en:offense,en,penal_code,Penal Code.pdf,45,yes,not_started,not_started,not_started,
annotation-933d81834268,en:offense,en,penal_code,Penal-Code I.pdf,166,yes,not_started,not_started,not_started,
annotation-70fb37f13f7a,en:offense,en,penal_code,Penal-Code I.pdf,63,no,not_started,not_required,not_required,
annotation-b266a24a4ae7,en:offense,en,penal_code,Penal-Code I.pdf,146,no,not_started,not_required,not_required,
annotation-dbc497c9c9b4,en:offense,en,penal_code,Penal-Code I.pdf,3,no,not_started,not_required,not_required,
annotation-577275a5ff1e,en:offense,en,penal_code,Penal Code.pdf,49,no,not_started,not_required,not_required,
annotation-bf1f64d54e64,en:offense,en,penal_code,Penal Code.pdf,18,no,not_started,not_required,not_required,
annotation-dabf83d025f7,en:offense,en,penal_code,Penal Code.pdf,8,no,not_started,not_required,not_required,
annotation-aa21622bb7bf,en:offense,en,penal_code,Penal-Code I.pdf,4,no,not_started,not_required,not_required,
annotation-12612b063740,en:offense,en,penal_code,Penal-Code I.pdf,100,no,not_started,not_required,not_required,
annotation-3f9719beb967,en:offense,en,penal_code,Penal-Code I.pdf,130,no,not_started,not_required,not_required,
annotation-0d11d8b63ab4,en:offense,en,penal_code,Penal-Code I.pdf,93,no,not_started,not_required,not_required,
annotation-a27dc9582739,en:offense,en,constitution,constitution.pdf,109,no,not_started,not_required,not_required,
annotation-bd86c9444056,en:offense,en,penal_code,Penal-Code I.pdf,125,yes,not_started,not_started,not_started,
annotation-c7961f89ba29,en:offense,en,penal_code,Penal Code.pdf,52,yes,not_started,not_started,not_started,
annotation-b2bea43f25c4,en:offense,en,penal_code,Penal-Code I.pdf,148,no,not_started,not_required,not_required,
annotation-f99bf2c01713,en:offense,en,penal_code,Penal-Code I.pdf,103,no,not_started,not_required,not_required,
annotation-57da5afb9bf2,en:offense,en,penal_code,Penal Code.pdf,15,no,not_started,not_required,not_required,
annotation-8b7a721fd633,en:penalty,en,penal_code,Penal Code.pdf,51,no,not_started,not_required,not_required,
annotation-40989753597f,en:penalty,en,penal_code,Penal-Code I.pdf,53,no,not_started,not_required,not_required,
annotation-fe79d45e5b8d,en:penalty,en,penal_code,Penal-Code I.pdf,99,no,not_started,not_required,not_required,
annotation-c067cf623952,en:penalty,en,penal_code,Penal Code.pdf,48,no,not_started,not_required,not_required,
annotation-00aec52f0687,en:penalty,en,constitution,constitution.pdf,226,no,not_started,not_required,not_required,
annotation-1e600c7d6218,en:penalty,en,penal_code,Penal-Code I.pdf,121,no,not_started,not_required,not_required,
annotation-e0e351e0e43f,en:penalty,en,penal_code,Penal Code.pdf,54,yes,not_started,not_started,not_started,
annotation-fbe5e422f2e7,en:penalty,en,penal_code,Penal-Code I.pdf,44,no,not_started,not_required,not_required,
annotation-ca4b10d9cf75,en:penalty,en,penal_code,Penal-Code I.pdf,88,no,not_started,not_required,not_required,
annotation-403cf67eeb7d,en:penalty,en,penal_code,Penal Code.pdf,21,no,not_started,not_required,not_required,
annotation-198e062db07a,en:penalty,en,penal_code,Penal-Code I.pdf,66,no,not_started,not_required,not_required,
annotation-d2b3f648c5b8,en:penalty,en,penal_code,Penal Code.pdf,70,no,not_started,not_required,not_required,
annotation-b19af0cf30f8,en:penalty,en,penal_code,Penal-Code I.pdf,134,no,not_started,not_required,not_required,
annotation-8514593e39d4,en:penalty,en,constitution,constitution.pdf,107,no,not_started,not_required,not_required,
annotation-6dfa6fcd26d2,en:penalty,en,penal_code,Penal Code.pdf,57,yes,not_started,not_started,not_started,
annotation-316e79c1544f,en:penalty,en,penal_code,Penal-Code I.pdf,139,no,not_started,not_required,not_required,
annotation-e5673c3fd481,en:penalty,en,penal_code,Penal-Code I.pdf,43,no,not_started,not_required,not_required,
annotation-8d5922461bb9,en:penalty,en,penal_code,Penal-Code I.pdf,58,yes,not_started,not_started,not_started,
annotation-ab608cbf9a4a,en:penalty,en,penal_code,Penal-Code I.pdf,84,no,not_started,not_required,not_required,
annotation-edafdfc1a8fa,en:penalty,en,penal_code,Penal Code.pdf,33,yes,not_started,not_started,not_started,
annotation-659f67dccea2,en:penalty,en,penal_code,Penal Code.pdf,17,no,not_started,not_required,not_required,
annotation-9a9f43764ee4,en:penalty,en,penal_code,Penal Code.pdf,28,no,not_started,not_required,not_required,
annotation-ec649b7b3647,en:penalty,en,penal_code,Penal Code.pdf,61,no,not_started,not_required,not_required,
annotation-9c9ed02b5e72,en:penalty,en,penal_code,Penal-Code I.pdf,182,no,not_started,not_required,not_required,
annotation-623eaf1571b8,en:penalty,en,penal_code,Penal-Code I.pdf,64,no,not_started,not_required,not_required,
annotation-fad3a8790be9,en:penalty,en,penal_code,Penal Code.pdf,63,no,not_started,not_required,not_required,
annotation-3d5ec5d8e431,en:penalty,en,penal_code,Penal-Code I.pdf,16,no,not_started,not_required,not_required,
annotation-66c220435c59,en:penalty,en,penal_code,Penal-Code I.pdf,29,no,not_started,not_required,not_required,
annotation-0a3e3457a577,en:penalty,en,penal_code,Penal Code.pdf,20,no,not_started,not_required,not_required,
annotation-3353098bfa50,en:penalty,en,penal_code,Penal Code.pdf,64,no,not_started,not_required,not_required,
annotation-7943fc0223c0,en:penalty,en,constitution,constitution.pdf,142,no,not_started,not_required,not_required,
annotation-e2dc5ac6b980,en:penalty,en,penal_code,Penal Code.pdf,34,yes,not_started,not_started,not_started,
annotation-5ae81ef07879,en:penalty,en,penal_code,Penal Code.pdf,30,no,not_started,not_required,not_required,
annotation-bf2cf1aa5555,en:penalty,en,penal_code,Penal-Code I.pdf,81,no,not_started,not_required,not_required,
annotation-9625b55dbf5c,en:penalty,en,penal_code,Penal-Code I.pdf,167,no,not_started,not_required,not_required,
annotation-e16690b67a39,en:penalty,en,penal_code,Penal-Code I.pdf,69,no,not_started,not_required,not_required,
annotation-69df1ab4d767,en:penalty,en,penal_code,Penal Code.pdf,69,no,not_started,not_required,not_required,
annotation-cfa92b0bd559,en:penalty,en,penal_code,Penal-Code I.pdf,136,no,not_started,not_required,not_required,
annotation-3995df1a0c0c,en:penalty,en,penal_code,Penal-Code I.pdf,52,yes,not_started,not_started,not_started,
annotation-752928510152,en:penalty,en,penal_code,Penal-Code I.pdf,47,no,not_started,not_required,not_required,
annotation-aff12d1b511a,en:penalty,en,penal_code,Penal-Code I.pdf,5,yes,not_started,not_started,not_started,
annotation-74cc2aaeb2a9,en:penalty,en,penal_code,Penal-Code I.pdf,137,yes,not_started,not_started,not_started,
annotation-b8d54f3533d5,en:penalty,en,penal_code,Penal-Code I.pdf,132,yes,not_started,not_started,not_started,
annotation-51c8c91e62a0,en:penalty,en,penal_code,Penal-Code I.pdf,149,no,not_started,not_required,not_required,
annotation-c23766fdbbf8,si:offense,si,penal_code,දණ්ඩ නීති සංග්_රහය.pdf,12,no,not_started,not_required,not_required,
annotation-ee20ee4d3181,si:offense,si,constitution,constitution-si.pdf,278,no,not_started,not_required,not_required,
annotation-3de7c204367d,si:offense,si,penal_code,දණ්ඩ නීති සංග්_රහය.pdf,103,no,not_started,not_required,not_required,
annotation-254136e1940c,si:offense,si,penal_code,දණ්ඩ නීති සංග්_රහය.pdf,137,no,not_started,not_required,not_required,
annotation-1818fb8cbb76,si:offense,si,penal_code,දණ්ඩ නීති සංග්_රහය.pdf,16,yes,not_started,not_started,not_started,
annotation-d709268c419d,si:offense,si,penal_code,දණ්ඩ නීති සංග්_රහය.pdf,19,yes,not_started,not_started,not_started,
annotation-6577553b9475,si:offense,si,penal_code,දණ්ඩ නීති සංග්_රහය.pdf,120,no,not_started,not_required,not_required,
annotation-67da8d6772a3,si:offense,si,penal_code,දණ්ඩ නීති සංග්_රහය.pdf,55,no,not_started,not_required,not_required,
annotation-31d96c21e314,si:offense,si,amendment,Amendment_PenalCode_Sinhala_1980_Dec_11.pdf,5,no,not_started,not_required,not_required,
annotation-548f770dd72d,si:offense,si,constitution,constitution-si.pdf,193,no,not_started,not_required,not_required,
annotation-4d81064c617e,si:offense,si,penal_code,දණ්ඩ නීති සංග්_රහය.pdf,118,no,not_started,not_required,not_required,
annotation-e89283378d8f,si:offense,si,penal_code,දණ්ඩ නීති සංග්_රහය.pdf,88,no,not_started,not_required,not_required,
annotation-9e6c8799a4a5,si:offense,si,penal_code,දණ්ඩ නීති සංග්_රහය.pdf,69,no,not_started,not_required,not_required,
annotation-1b5c4cde5f2a,si:offense,si,constitution,constitution-si.pdf,109,yes,not_started,not_started,not_started,
annotation-83b28c21cb0b,si:offense,si,penal_code,දණ්ඩ නීති සංග්_රහය.pdf,2,no,not_started,not_required,not_required,
annotation-8c6728df1b6c,si:offense,si,constitution,constitution-si.pdf,54,no,not_started,not_required,not_required,
annotation-d3e80421ed4b,si:offense,si,penal_code,දණ්ඩ නීති සංග්_රහය.pdf,11,no,not_started,not_required,not_required,
annotation-a6ba36ef3d3c,si:offense,si,penal_code,දණ්ඩ නීති සංග්_රහය.pdf,10,no,not_started,not_required,not_required,
annotation-9330f2051b72,si:offense,si,penal_code,දණ්ඩ නීති සංග්_රහය.pdf,46,no,not_started,not_required,not_required,
annotation-bd2a0362f1f1,si:offense,si,penal_code,දණ්ඩ නීති සංග්_රහය.pdf,9,no,not_started,not_required,not_required,
annotation-3a39e6cfe38d,si:offense,si,constitution,constitution-si.pdf,166,yes,not_started,not_started,not_started,
annotation-8733fc3c802f,si:offense,si,penal_code,දණ්ඩ නීති සංග්_රහය.pdf,40,yes,not_started,not_started,not_started,
annotation-4f9c08b0e847,si:offense,si,penal_code,දණ්ඩ නීති සංග්_රහය.pdf,30,no,not_started,not_required,not_required,
annotation-bbf421ce3786,si:offense,si,penal_code,දණ්ඩ නීති සංග්_රහය.pdf,79,no,not_started,not_required,not_required,
annotation-8bf78eb00605,si:offense,si,penal_code,දණ්ඩ නීති සංග්_රහය.pdf,38,yes,not_started,not_started,not_started,
annotation-6d289063e2c5,si:offense,si,penal_code,දණ්ඩ නීති සංග්_රහය.pdf,112,no,not_started,not_required,not_required,
annotation-84c79df46d08,si:offense,si,penal_code,දණ්ඩ නීති සංග්_රහය.pdf,80,no,not_started,not_required,not_required,
annotation-d4544639b937,si:offense,si,penal_code,දණ්ඩ නීති සංග්_රහය.pdf,26,no,not_started,not_required,not_required,
annotation-cc3e91451a05,si:offense,si,constitution,constitution-si.pdf,217,no,not_started,not_required,not_required,
annotation-57ed928574b0,si:offense,si,constitution,constitution-si.pdf,29,no,not_started,not_required,not_required,
annotation-b0a32e8b8a16,si:offense,si,penal_code,දණ්ඩ නීති සංග්_රහය.pdf,54,yes,not_started,not_started,not_started,
annotation-71060a8fc7c3,si:offense,si,constitution,constitution-si.pdf,30,no,not_started,not_required,not_required,
annotation-fe429b3b04f1,si:offense,si,penal_code,දණ්ඩ නීති සංග්_රහය.pdf,136,no,not_started,not_required,not_required,
annotation-35ca4e962b5d,si:offense,si,amendment,Amendment_PenalCode_Sinhala_2006_Apr_24.pdf,11,no,not_started,not_required,not_required,
annotation-a0e735900da0,si:offense,si,penal_code,දණ්ඩ නීති සංග්_රහය.pdf,27,no,not_started,not_required,not_required,
annotation-381847680573,si:offense,si,penal_code,දණ්ඩ නීති සංග්_රහය.pdf,81,no,not_started,not_required,not_required,
annotation-8a318691952a,si:offense,si,penal_code,දණ්ඩ නීති සංග්_රහය.pdf,29,no,not_started,not_required,not_required,
annotation-6a3dc9741950,si:offense,si,penal_code,දණ්ඩ නීති සංග්_රහය.pdf,15,no,not_started,not_required,not_required,
annotation-b73fc532cd7e,si:offense,si,amendment,Amendment_PenalCode_Sinhala_2002_July_17.pdf,2,no,not_started,not_required,not_required,
annotation-4add7266f15b,si:offense,si,constitution,constitution-si.pdf,107,no,not_started,not_required,not_required,
annotation-9294acbcd35c,si:offense,si,penal_code,දණ්ඩ නීති සංග්_රහය.pdf,65,yes,not_started,not_started,not_started,
annotation-155cdb7c29ee,si:offense,si,penal_code,දණ්ඩ නීති සංග්_රහය.pdf,97,no,not_started,not_required,not_required,
annotation-107016d09d6f,si:offense,si,penal_code,දණ්ඩ නීති සංග්_රහය.pdf,58,no,not_started,not_required,not_required,
annotation-d7b1f159aaaa,si:offense,si,constitution,constitution-si.pdf,192,no,not_started,not_required,not_required,
annotation-478a206806c3,si:penalty,si,penal_code,දණ්ඩ නීති සංග්_රහය.pdf,107,no,not_started,not_required,not_required,
annotation-8d68553020fa,si:penalty,si,penal_code,දණ්ඩ නීති සංග්_රහය.pdf,59,no,not_started,not_required,not_required,
annotation-9beb56d45472,si:penalty,si,penal_code,දණ්ඩ නීති සංග්_රහය.pdf,42,no,not_started,not_required,not_required,
annotation-d2120d442492,si:penalty,si,penal_code,දණ්ඩ නීති සංග්_රහය.pdf,73,no,not_started,not_required,not_required,
annotation-2946087f4867,si:penalty,si,penal_code,දණ්ඩ නීති සංග්_රහය.pdf,109,no,not_started,not_required,not_required,
annotation-684e14335319,si:penalty,si,penal_code,දණ්ඩ නීති සංග්_රහය.pdf,25,no,not_started,not_required,not_required,
annotation-6ba0995b3642,si:penalty,si,penal_code,දණ්ඩ නීති සංග්_රහය.pdf,133,yes,not_started,not_started,not_started,
annotation-b02e08b2c058,si:penalty,si,penal_code,දණ්ඩ නීති සංග්_රහය.pdf,128,no,not_started,not_required,not_required,
annotation-3ff9af59dd54,si:penalty,si,penal_code,දණ්ඩ නීති සංග්_රහය.pdf,117,no,not_started,not_required,not_required,
annotation-3bd7852a0328,si:penalty,si,penal_code,දණ්ඩ නීති සංග්_රහය.pdf,106,no,not_started,not_required,not_required,
annotation-ae0c1ff03e35,si:penalty,si,penal_code,දණ්ඩ නීති සංග්_රහය.pdf,122,no,not_started,not_required,not_required,
annotation-d8268a371b10,si:penalty,si,penal_code,දණ්ඩ නීති සංග්_රහය.pdf,134,yes,not_started,not_started,not_started,
annotation-ad0baf051aa1,si:penalty,si,penal_code,දණ්ඩ නීති සංග්_රහය.pdf,49,no,not_started,not_required,not_required,
annotation-8f966db7f484,si:penalty,si,penal_code,දණ්ඩ නීති සංග්_රහය.pdf,47,no,not_started,not_required,not_required,
annotation-fd328902b825,si:penalty,si,amendment,Amendment_PenalCode_Sinhala_1980_Dec_11.pdf,3,no,not_started,not_required,not_required,
annotation-05fb41b40958,si:penalty,si,amendment,Amendment_PenalCode_Sinhala_2006_Apr_24.pdf,12,no,not_started,not_required,not_required,
annotation-e0aaa3deb6af,si:penalty,si,penal_code,දණ්ඩ නීති සංග්_රහය.pdf,68,no,not_started,not_required,not_required,
annotation-b766e33f9bc7,si:penalty,si,penal_code,දණ්ඩ නීති සංග්_රහය.pdf,62,yes,not_started,not_started,not_started,
annotation-7b9b8ff598ab,si:penalty,si,penal_code,දණ්ඩ නීති සංග්_රහය.pdf,31,no,not_started,not_required,not_required,
annotation-739eabea5ab5,si:penalty,si,penal_code,දණ්ඩ නීති සංග්_රහය.pdf,105,yes,not_started,not_started,not_started,
annotation-0ecb3b32274e,si:penalty,si,penal_code,දණ්ඩ නීති සංග්_රහය.pdf,135,no,not_started,not_required,not_required,
annotation-9b2accb83e75,si:penalty,si,amendment,Amendment_PenalCode_Sinhala_1998_Juny_04.pdf,3,no,not_started,not_required,not_required,
annotation-9ce3b118e4ea,si:penalty,si,penal_code,දණ්ඩ නීති සංග්_රහය.pdf,116,no,not_started,not_required,not_required,
annotation-3a014c5a730c,si:penalty,si,penal_code,දණ්ඩ නීති සංග්_රහය.pdf,43,no,not_started,not_required,not_required,
annotation-3a920be23343,si:penalty,si,penal_code,දණ්ඩ නීති සංග්_රහය.pdf,57,yes,not_started,not_started,not_started,
annotation-bef58b6e35f6,si:penalty,si,penal_code,දණ්ඩ නීති සංග්_රහය.pdf,67,no,not_started,not_required,not_required,
annotation-f587a029d72b,si:penalty,si,amendment,Amendment_PenalCode_Sinhala_1998_Juny_04.pdf,2,yes,not_started,not_started,not_started,
annotation-00b28cfc8fd0,si:penalty,si,penal_code,දණ්ඩ නීති සංග්_රහය.pdf,66,no,not_started,not_required,not_required,
annotation-7bb9aee4df03,si:penalty,si,penal_code,දණ්ඩ නීති සංග්_රහය.pdf,78,no,not_started,not_required,not_required,
annotation-f20b17b37380,si:penalty,si,penal_code,දණ්ඩ නීති සංග්_රහය.pdf,130,no,not_started,not_required,not_required,
annotation-46fe872e3459,si:penalty,si,penal_code,දණ්ඩ නීති සංග්_රහය.pdf,61,no,not_started,not_required,not_required,
annotation-21f7e827d8c0,si:penalty,si,penal_code,දණ්ඩ නීති සංග්_රහය.pdf,89,yes,not_started,not_started,not_started,
annotation-b800e480d77f,si:penalty,si,penal_code,දණ්ඩ නීති සංග්_රහය.pdf,53,no,not_started,not_required,not_required,
annotation-7bedfebbdc67,si:penalty,si,penal_code,දණ්ඩ නීති සංග්_රහය.pdf,115,no,not_started,not_required,not_required,
annotation-0b0ff46954f9,si:penalty,si,penal_code,දණ්ඩ නීති සංග්_රහය.pdf,51,no,not_started,not_required,not_required,
annotation-d92d272bfd13,si:penalty,si,penal_code,දණ්ඩ නීති සංග්_රහය.pdf,83,no,not_started,not_required,not_required,
annotation-d13fd6b35473,si:penalty,si,penal_code,දණ්ඩ නීති සංග්_රහය.pdf,86,no,not_started,not_required,not_required,
annotation-251ef5e40f8b,si:penalty,si,penal_code,දණ්ඩ නීති සංග්_රහය.pdf,63,no,not_started,not_required,not_required,
annotation-105f87719fad,si:penalty,si,penal_code,දණ්ඩ නීති සංග්_රහය.pdf,71,no,not_started,not_required,not_required,
annotation-24b4a1504514,si:penalty,si,constitution,constitution-si.pdf,84,no,not_started,not_required,not_required,
annotation-798a178c234d,si:penalty,si,penal_code,දණ්ඩ නීති සංග්_රහය.pdf,39,yes,not_started,not_started,not_started,
annotation-bb7d328b42f6,si:penalty,si,penal_code,දණ්ඩ නීති සංග්_රහය.pdf,91,no,not_started,not_required,not_required,
annotation-d2ceb6be294b,si:penalty,si,penal_code,දණ්ඩ නීති සංග්_රහය.pdf,14,no,not_started,not_required,not_required,
annotation-085e0440158f,si:penalty,si,penal_code,දණ්ඩ නීති සංග්_රහය.pdf,60,no,not_started,not_required,not_required,
annotation-3898ac713846,si:temporal,si,constitution,constitution-si.pdf,76,yes,not_started,not_started,not_started,
annotation-50211433c9c9,si:temporal,si,constitution,constitution-si.pdf,154,yes,not_started,not_started,not_started,
annotation-d1017ac3e11b,si:temporal,si,penal_code,දණ්ඩ නීති සංග්_රහය.pdf,48,yes,not_started,not_started,not_started,
annotation-b82928721adc,si:temporal,si,constitution,constitution-si.pdf,189,no,not_started,not_required,not_required,
annotation-039780a76d3f,si:temporal,si,constitution,constitution-si.pdf,74,no,not_started,not_required,not_required,
annotation-52f524597045,si:temporal,si,penal_code,දණ්ඩ නීති සංග්_රහය.pdf,104,no,not_started,not_required,not_required,
annotation-3dc8105eac33,si:temporal,si,penal_code,දණ්ඩ නීති සංග්_රහය.pdf,32,no,not_started,not_required,not_required,
annotation-dff9801a022e,si:temporal,si,constitution,constitution-si.pdf,50,yes,not_started,not_started,not_started,
annotation-8f4ceea9c33d,si:temporal,si,amendment,Amendment_PenalCode_Sinhala_2021_Oct_26.pdf,2,no,not_started,not_required,not_required,
annotation-6559a35fa3e7,si:temporal,si,constitution,constitution-si.pdf,210,no,not_started,not_required,not_required,
annotation-0365ee390f07,si:temporal,si,constitution,constitution-si.pdf,123,no,not_started,not_required,not_required,
annotation-ee5b15c63a83,si:temporal,si,penal_code,දණ්ඩ නීති සංග්_රහය.pdf,77,no,not_started,not_required,not_required,
annotation-b1d21cf46c0e,si:temporal,si,penal_code,දණ්ඩ නීති සංග්_රහය.pdf,82,no,not_started,not_required,not_required,
annotation-fab3d8526a8d,si:temporal,si,constitution,constitution-si.pdf,172,no,not_started,not_required,not_required,
annotation-4fcddcc86eff,si:temporal,si,amendment,Amendment_PenalCode_Sinhala_2021_Oct_26.pdf,1,no,not_started,not_required,not_required,
annotation-976296ce43e8,si:temporal,si,constitution,constitution-si.pdf,49,no,not_started,not_required,not_required,
annotation-a349013569c0,si:temporal,si,constitution,constitution-si.pdf,152,no,not_started,not_required,not_required,
annotation-2945b0c9285c,si:temporal,si,constitution,constitution-si.pdf,227,no,not_started,not_required,not_required,
annotation-c627d063fc68,si:temporal,si,amendment,Amendment_PenalCode_Sinhala_2018_May_21.pdf,2,no,not_started,not_required,not_required,
annotation-9e03c6e43d04,si:temporal,si,amendment,Amendment_PenalCode_Sinhala_1998_Juny_04.pdf,6,yes,not_started,not_started,not_started,
annotation-a5b3bce60430,si:temporal,si,penal_code,දණ්ඩ නීති සංග්_රහය.pdf,37,no,not_started,not_required,not_required,
annotation-c166f817bf49,si:temporal,si,constitution,constitution-si.pdf,222,yes,not_started,not_started,not_started,
annotation-a92a42149e75,si:temporal,si,amendment,Amendment_PenalCode_Sinhala_2006_Apr_24.pdf,13,no,not_started,not_required,not_required,
annotation-b50d634634c3,si:temporal,si,penal_code,දණ්ඩ නීති සංග්_රහය.pdf,110,no,not_started,not_required,not_required,
annotation-5e225735a364,si:temporal,si,penal_code,දණ්ඩ නීති සංග්_රහය.pdf,127,no,not_started,not_required,not_required,
annotation-43906ce4eb74,si:temporal,si,constitution,constitution-si.pdf,156,no,not_started,not_required,not_required,
annotation-dbaf64fcd7d3,si:temporal,si,amendment,Amendment_PenalCode_Sinhala_2006_Apr_24.pdf,4,no,not_started,not_required,not_required,
annotation-92fda1861437,si:temporal,si,constitution,constitution-si.pdf,203,no,not_started,not_required,not_required,
annotation-66a4b2dfe768,si:temporal,si,penal_code,දණ්ඩ නීති සංග්_රහය.pdf,75,no,not_started,not_required,not_required,
annotation-66c35c8924f8,si:temporal,si,penal_code,දණ්ඩ නීති සංග්_රහය.pdf,50,no,not_started,not_required,not_required,
annotation-fad536dc02bc,si:temporal,si,constitution,constitution-si.pdf,40,yes,not_started,not_started,not_started,
annotation-eefc016f7cab,si:temporal,si,constitution,constitution-si.pdf,263,no,not_started,not_required,not_required,
annotation-dd842305ce4d,si:temporal,si,penal_code,දණ්ඩ නීති සංග්_රහය.pdf,102,no,not_started,not_required,not_required,
annotation-0991f267c60b,si:temporal,si,constitution,constitution-si.pdf,80,no,not_started,not_required,not_required,
annotation-8fe85acf5c41,si:temporal,si,amendment,Amendment_PenalCode_Sinhala_1998_Juny_04.pdf,4,no,not_started,not_required,not_required,
annotation-9625c7a23c91,si:temporal,si,amendment,Amendment_PenalCode_Sinhala_1980_Dec_11.pdf,9,no,not_started,not_required,not_required,
annotation-ef45fac56133,si:temporal,si,penal_code,දණ්ඩ නීති සංග්_රහය.pdf,124,no,not_started,not_required,not_required,
annotation-2d7d67010538,si:temporal,si,amendment,Amendment_PenalCode_Sinhala_2006_Apr_24.pdf,14,no,not_started,not_required,not_required,
annotation-67d63993f8ca,si:temporal,si,constitution,constitution-si.pdf,161,no,not_started,not_required,not_required,
annotation-8ddff26620dc,si:temporal,si,constitution,constitution-si.pdf,191,no,not_started,not_required,not_required,
annotation-41cfc4567c84,si:temporal,si,constitution,constitution-si.pdf,17,no,not_started,not_required,not_required,
annotation-e47814115b96,si:temporal,si,constitution,constitution-si.pdf,106,yes,not_started,not_started,not_started,
annotation-0f363ad601ca,si:temporal,si,amendment,Amendment_PenalCode_Sinhala_1980_Dec_11.pdf,1,no,not_started,not_required,not_required,
annotation-8a907abde8f1,en:temporal,en,constitution,constitution.pdf,255,yes,not_started,not_started,not_started,
annotation-948c2c3b87a8,en:temporal,en,penal_code,Penal-Code I.pdf,140,no,not_started,not_required,not_required,
annotation-a3156e3f8675,en:temporal,en,penal_code,Penal-Code I.pdf,21,no,not_started,not_required,not_required,
annotation-adc0b2e7e764,en:temporal,en,penal_code,Penal Code.pdf,38,no,not_started,not_required,not_required,
annotation-c27d46cbbfbd,en:temporal,en,penal_code,Penal-Code I.pdf,6,no,not_started,not_required,not_required,
annotation-e76968004409,en:temporal,en,constitution,constitution.pdf,225,no,not_started,not_required,not_required,
annotation-33dee19255d9,en:temporal,en,constitution,constitution.pdf,96,no,not_started,not_required,not_required,
annotation-2b3f91f71944,en:temporal,en,constitution,constitution.pdf,285,no,not_started,not_required,not_required,
annotation-9e1d4cb00986,en:temporal,en,penal_code,Penal Code.pdf,42,no,not_started,not_required,not_required,
annotation-808c0dd5768d,en:temporal,en,penal_code,Penal-Code I.pdf,161,no,not_started,not_required,not_required,
annotation-35038392277e,en:temporal,en,penal_code,Penal-Code I.pdf,87,no,not_started,not_required,not_required,
annotation-586c515040fa,en:temporal,en,penal_code,Penal Code.pdf,2,no,not_started,not_required,not_required,
annotation-308a4fbce66b,en:temporal,en,constitution,constitution.pdf,258,yes,not_started,not_started,not_started,
annotation-f6273869bd6d,en:temporal,en,constitution,constitution.pdf,69,no,not_started,not_required,not_required,
annotation-181a8697ff63,en:temporal,en,penal_code,Penal-Code I.pdf,34,no,not_started,not_required,not_required,
annotation-18e0b5de57fe,en:temporal,en,penal_code,Penal-Code I.pdf,151,yes,not_started,not_started,not_started,
annotation-7e0c72836f44,en:temporal,en,constitution,constitution.pdf,209,no,not_started,not_required,not_required,
annotation-5219a7e950ee,en:temporal,en,penal_code,Penal-Code I.pdf,82,yes,not_started,not_started,not_started,
annotation-14109971f5ff,en:temporal,en,constitution,constitution.pdf,146,no,not_started,not_required,not_required,
annotation-b58d61662800,en:temporal,en,penal_code,Penal-Code I.pdf,79,no,not_started,not_required,not_required,
annotation-398ed40858f2,en:temporal,en,constitution,constitution.pdf,101,no,not_started,not_required,not_required,
annotation-a35946e13947,en:temporal,en,constitution,constitution.pdf,206,no,not_started,not_required,not_required,
annotation-d74a3cf63ad6,en:temporal,en,penal_code,Penal-Code I.pdf,143,no,not_started,not_required,not_required,
annotation-2c6c1e93b67d,en:temporal,en,penal_code,Penal-Code I.pdf,184,yes,not_started,not_started,not_started,
annotation-eb5615ec02c6,en:temporal,en,constitution,constitution.pdf,211,no,not_started,not_required,not_required,
annotation-27dcfb2d27db,en:temporal,en,constitution,constitution.pdf,243,no,not_started,not_required,not_required,
annotation-36e2ea8d81eb,en:temporal,en,penal_code,Penal-Code I.pdf,30,no,not_started,not_required,not_required,
annotation-d0de68b5f790,en:temporal,en,penal_code,Penal-Code I.pdf,62,no,not_started,not_required,not_required,
annotation-107f1ab369fe,en:temporal,en,penal_code,Penal-Code I.pdf,145,no,not_started,not_required,not_required,
annotation-a345821fd0ec,en:temporal,en,constitution,constitution.pdf,134,yes,not_started,not_started,not_started,
annotation-fe2f11cacea0,en:temporal,en,constitution,constitution.pdf,178,no,not_started,not_required,not_required,
annotation-62f395450001,en:temporal,en,constitution,constitution.pdf,86,no,not_started,not_required,not_required,
annotation-42a077e266d6,en:temporal,en,constitution,constitution.pdf,157,no,not_started,not_required,not_required,
annotation-8903b0a68211,en:temporal,en,penal_code,Penal-Code I.pdf,72,no,not_started,not_required,not_required,
annotation-ac40874f7ba3,en:temporal,en,penal_code,Penal Code.pdf,78,no,not_started,not_required,not_required,
annotation-53f24dff660d,en:temporal,en,constitution,constitution.pdf,205,no,not_started,not_required,not_required,
annotation-9a5d5b707972,en:temporal,en,penal_code,Penal-Code I.pdf,33,no,not_started,not_required,not_required,
annotation-77943ea48083,en:temporal,en,penal_code,Penal-Code I.pdf,169,no,not_started,not_required,not_required,
annotation-b003905f7924,en:temporal,en,penal_code,Penal-Code I.pdf,61,no,not_started,not_required,not_required,
annotation-494998f7df52,en:temporal,en,penal_code,Penal-Code I.pdf,101,no,not_started,not_required,not_required,
annotation-01c53adb6221,en:temporal,en,penal_code,Penal-Code I.pdf,92,yes,not_started,not_started,not_started,
annotation-d30f234d54a5,en:temporal,en,constitution,constitution.pdf,47,yes,not_started,not_started,not_started,
annotation-1dc9d4b4a5ce,en:temporal,en,constitution,constitution.pdf,114,no,not_started,not_required,not_required,
annotation-dcf0077a160d,en:constitutional_body,en,constitution,constitution.pdf,169,no,not_started,not_required,not_required,
annotation-ca1a4f54835f,en:constitutional_body,en,constitution,constitution.pdf,75,no,not_started,not_required,not_required,
annotation-5af2424feb34,en:constitutional_body,en,constitution,constitution.pdf,72,no,not_started,not_required,not_required,
annotation-a1dcf18ea186,en:constitutional_body,en,constitution,constitution.pdf,200,yes,not_started,not_started,not_started,
annotation-d169e6e00bab,en:constitutional_body,en,constitution,constitution.pdf,92,no,not_started,not_required,not_required,
annotation-eed89ea237f3,en:constitutional_body,en,constitution,constitution.pdf,244,no,not_started,not_required,not_required,
annotation-9ca1f4b8c49e,en:constitutional_body,en,constitution,constitution.pdf,53,yes,not_started,not_started,not_started,
annotation-3ac0fb313a78,en:constitutional_body,en,constitution,constitution.pdf,174,no,not_started,not_required,not_required,
annotation-e3e44b8e6a9e,en:constitutional_body,en,constitution,constitution.pdf,89,no,not_started,not_required,not_required,
annotation-eae21a78da6f,en:constitutional_body,en,penal_code,Penal-Code I.pdf,199,no,not_started,not_required,not_required,
annotation-efd4c65b9f54,en:constitutional_body,en,constitution,constitution.pdf,220,no,not_started,not_required,not_required,
annotation-9b4e0faa546e,en:constitutional_body,en,constitution,constitution.pdf,95,no,not_started,not_required,not_required,
annotation-8d1c5437e7a1,en:constitutional_body,en,constitution,constitution.pdf,156,yes,not_started,not_started,not_started,
annotation-ce0161359b3b,en:constitutional_body,en,constitution,constitution.pdf,210,yes,not_started,not_started,not_started,
annotation-0675853a4873,en:constitutional_body,en,constitution,constitution.pdf,190,no,not_started,not_required,not_required,
annotation-ac2fe9198def,en:constitutional_body,en,constitution,constitution.pdf,177,no,not_started,not_required,not_required,
annotation-88d3781adb8f,en:constitutional_body,en,constitution,constitution.pdf,261,no,not_started,not_required,not_required,
annotation-1504afacdcde,en:constitutional_body,en,constitution,constitution.pdf,52,no,not_started,not_required,not_required,
annotation-df507464932a,en:constitutional_body,en,constitution,constitution.pdf,71,yes,not_started,not_started,not_started,
annotation-799d74a9f19b,en:constitutional_body,en,constitution,constitution.pdf,120,no,not_started,not_required,not_required,
annotation-8b2ffb845d39,en:constitutional_body,en,constitution,constitution.pdf,233,no,not_started,not_required,not_required,
annotation-910a9e4c7438,en:constitutional_body,en,constitution,constitution.pdf,297,no,not_started,not_required,not_required,
annotation-19109d8bddb2,en:constitutional_body,en,constitution,constitution.pdf,125,no,not_started,not_required,not_required,
annotation-580af1818984,en:constitutional_body,en,constitution,constitution.pdf,65,no,not_started,not_required,not_required,
annotation-781d4d021752,en:constitutional_body,en,constitution,constitution.pdf,73,no,not_started,not_required,not_required,
annotation-4a85a770c7e0,en:constitutional_body,en,constitution,constitution.pdf,19,no,not_started,not_required,not_required,
annotation-f2200f263bbd,en:constitutional_body,en,constitution,constitution.pdf,14,no,not_started,not_required,not_required,
annotation-3a7e7655f73c,en:constitutional_body,en,constitution,constitution.pdf,9,yes,not_started,not_started,not_started,
annotation-1eeca4dc7231,en:constitutional_body,en,constitution,constitution.pdf,278,no,not_started,not_required,not_required,
annotation-4c99de924fde,en:constitutional_body,en,constitution,constitution.pdf,208,no,not_started,not_required,not_required,
annotation-bc3689ec8e88,en:constitutional_body,en,constitution,constitution.pdf,102,no,not_started,not_required,not_required,
annotation-7caba2b79391,en:constitutional_body,en,constitution,constitution.pdf,252,no,not_started,not_required,not_required,
annotation-4764bf87b7c1,en:constitutional_body,en,constitution,constitution.pdf,202,yes,not_started,not_started,not_started,
annotation-252e56c2af3e,en:constitutional_body,en,constitution,constitution.pdf,66,no,not_started,not_required,not_required,
annotation-c4206690f473,en:constitutional_body,en,constitution,constitution.pdf,183,yes,not_started,not_started,not_started,
annotation-e74ff4a452d4,en:constitutional_body,en,constitution,constitution.pdf,254,no,not_started,not_required,not_required,
annotation-c0d384b1e31b,en:constitutional_body,en,constitution,constitution.pdf,26,no,not_started,not_required,not_required,
annotation-c6be24564ddd,en:constitutional_body,en,constitution,constitution.pdf,60,yes,not_started,not_started,not_started,
annotation-f076f90641cc,en:constitutional_body,en,constitution,constitution.pdf,140,no,not_started,not_required,not_required,
annotation-ea72b6ec7f47,en:constitutional_body,en,constitution,constitution.pdf,3,no,not_started,not_required,not_required,
annotation-ce3bc70083bd,en:constitutional_body,en,constitution,constitution.pdf,239,no,not_started,not_required,not_required,
annotation-00943b3f9ca7,en:constitutional_body,en,constitution,constitution.pdf,13,no,not_started,not_required,not_required,
annotation-3ef31b54cbce,en:constitutional_body,en,constitution,constitution.pdf,5,no,not_started,not_required,not_required,
annotation-f04e54c9814c,en:constitutional_body,en,constitution,constitution.pdf,68,no,not_started,not_required,not_required,
