alignment_id,document_type,provision_type,provision_number,english_source_file,english_pdf_page_number,sinhala_source_file,sinhala_pdf_page_number,review_decision,reviewer,review_date,notes
alignment-19c84845e6ab494f,constitution,article,133,constitution.pdf,164,constitution-si.pdf,16,,,,
alignment-72b397e5f9de9056,constitution,article,153,constitution.pdf,175,constitution-si.pdf,17,,,,
alignment-052ea795e9f1ff40,constitution,article,55,constitution.pdf,84,constitution-si.pdf,10,,,,
alignment-92e12537865cd5de,constitution,article,56,constitution.pdf,85,constitution-si.pdf,10,,,,
alignment-71527985ed5c723a,constitution,article,57,constitution.pdf,85,constitution-si.pdf,10,,,,
alignment-4e9fef22c6285689,penal_code,section,10,Penal Code.pdf,2,දණ්ඩ නීති සංග්_රහය.pdf,3,,,,
alignment-8aa3db3ea002123f,penal_code,section,101,Penal Code.pdf,14,දණ්ඩ නීති සංග්_රහය.pdf,24,,,,
alignment-71ccce451f8c56ba,penal_code,section,102,Penal Code.pdf,15,දණ්ඩ නීති සංග්_රහය.pdf,26,,,,
alignment-00639046823e6135,penal_code,section,104,Penal Code.pdf,16,දණ්ඩ නීති සංග්_රහය.pdf,26,,,,
alignment-f97c38ced6b5fcd8,penal_code,section,105,Penal Code.pdf,16,දණ්ඩ නීති සංග්_රහය.pdf,27,,,,
alignment-fb118c9fbd1d2d80,penal_code,section,106,Penal Code.pdf,16,දණ්ඩ නීති සංග්_රහය.pdf,27,,,,
alignment-54dc150e55b0d64c,penal_code,section,108,Penal Code.pdf,16,දණ්ඩ නීති සංග්_රහය.pdf,28,,,,
alignment-f5f2431b24c08535,penal_code,section,11,Penal Code.pdf,2,දණ්ඩ නීති සංග්_රහය.pdf,3,,,,
alignment-396786778545d5e8,penal_code,section,111,Penal Code.pdf,17,දණ්ඩ නීති සංග්_රහය.pdf,29,,,,
alignment-b7f12fefff742c7a,penal_code,section,114,Penal Code.pdf,18,දණ්ඩ නීති සංග්_රහය.pdf,31,,,,
alignment-26f26d10ae9a9ab4,penal_code,section,116,Penal Code.pdf,19,දණ්ඩ නීති සංග්_රහය.pdf,32,,,,
alignment-177a2066f3a1869c,penal_code,section,117,Penal Code.pdf,19,දණ්ඩ නීති සංග්_රහය.pdf,32,,,,
alignment-8312f0fbe9b5c99d,penal_code,section,12,Penal Code.pdf,2,දණ්ඩ නීති සංග්_රහය.pdf,3,,,,
alignment-b19b8a2c32638b35,penal_code,section,125,Penal Code.pdf,20,දණ්ඩ නීති සංග්_රහය.pdf,33,,,,
alignment-b81592e84f59b926,penal_code,section,126,Penal Code.pdf,20,දණ්ඩ නීති සංග්_රහය.pdf,34,,,,
alignment-e3ad41b5ae447a34,penal_code,section,127,Penal Code.pdf,20,දණ්ඩ නීති සංග්_රහය.pdf,34,,,,
alignment-25a335b5408a3721,penal_code,section,128,Penal Code.pdf,20,දණ්ඩ නීති සංග්_රහය.pdf,34,,,,
alignment-4ef51f27a460082d,penal_code,section,129,Penal Code.pdf,20,දණ්ඩ නීති සංග්_රහය.pdf,34,,,,
alignment-b83243515a2c0a44,penal_code,section,136,Penal Code.pdf,21,දණ්ඩ නීති සංග්_රහය.pdf,36,,,,
alignment-1b5ea5a5048c88bd,penal_code,section,140,Penal Code.pdf,21,දණ්ඩ නීති සංග්_රහය.pdf,37,,,,
alignment-857aba19e25235f6,penal_code,section,141,Penal Code.pdf,21,දණ්ඩ නීති සංග්_රහය.pdf,37,,,,
alignment-5d5b8a705898f9c4,penal_code,section,142,Penal Code.pdf,21,දණ්ඩ නීති සංග්_රහය.pdf,37,,,,
alignment-23b3ac975ced25c0,penal_code,section,144,Penal Code.pdf,22,දණ්ඩ නීති සංග්_රහය.pdf,37,,,,
alignment-c55ec3d06cafa352,penal_code,section,145,Penal Code.pdf,22,දණ්ඩ නීති සංග්_රහය.pdf,37,,,,
alignment-425d331c9f97084a,penal_code,section,146,Penal Code.pdf,22,දණ්ඩ නීති සංග්_රහය.pdf,38,,,,
alignment-82f126310b35ed49,penal_code,section,147,Penal Code.pdf,22,දණ්ඩ නීති සංග්_රහය.pdf,38,,,,
alignment-05ce4bdfd8863e0a,penal_code,section,149,Penal Code.pdf,22,දණ්ඩ නීති සංග්_රහය.pdf,38,,,,
alignment-e77292f0a225547d,penal_code,section,15,Penal Code.pdf,2,දණ්ඩ නීති සංග්_රහය.pdf,4,,,,
alignment-9f891e258f0dded7,penal_code,section,156,Penal Code.pdf,23,දණ්ඩ නීති සංග්_රහය.pdf,40,,,,
alignment-2bb9bab0814d7de1,penal_code,section,159,Penal Code.pdf,23,දණ්ඩ නීති සංග්_රහය.pdf,39,,,,
alignment-5b13b5922e6e676e,penal_code,section,16,Penal Code.pdf,2,දණ්ඩ නීති සංග්_රහය.pdf,4,,,,
alignment-4bc36c5c775fc843,penal_code,section,161,Penal Code.pdf,24,දණ්ඩ නීති සංග්_රහය.pdf,42,,,,
alignment-b0697ffc42ad9b48,penal_code,section,165,Penal Code.pdf,24,දණ්ඩ නීති සංග්_රහය.pdf,43,,,,
alignment-0a96709d45d08219,penal_code,section,166,Penal Code.pdf,24,දණ්ඩ නීති සංග්_රහය.pdf,43,,,,
alignment-1c9ad71db21608e2,penal_code,section,167,Penal Code.pdf,24,දණ්ඩ නීති සංග්_රහය.pdf,43,,,,
alignment-8652a31da8268ec4,penal_code,section,17,Penal Code.pdf,2,දණ්ඩ නීති සංග්_රහය.pdf,4,,,,
alignment-c12a7da0fbe45f6c,penal_code,section,175,Penal Code.pdf,27,දණ්ඩ නීති සංග්_රහය.pdf,48,,,,
alignment-07e438beb2c210b4,penal_code,section,176,Penal Code.pdf,27,දණ්ඩ නීති සංග්_රහය.pdf,49,,,,
alignment-c1d8fb5a95ea550b,penal_code,section,177,Penal Code.pdf,27,දණ්ඩ නීති සංග්_රහය.pdf,49,,,,
alignment-5b0d951c68e39617,penal_code,section,179,Penal Code.pdf,28,දණ්ඩ නීති සංග්_රහය.pdf,49,,,,
alignment-ac16522c8c9cc40b,penal_code,section,185,Penal Code.pdf,28,දණ්ඩ නීති සංග්_රහය.pdf,35,,,,
alignment-33cf673b5355d9b2,penal_code,section,191,Penal Code.pdf,30,දණ්ඩ නීති සංග්_රහය.pdf,54,,,,
alignment-f9d1cadcff2bd87d,penal_code,section,195,Penal Code.pdf,31,දණ්ඩ නීති සංග්_රහය.pdf,55,,,,
alignment-3722e0cf1595aeb2,penal_code,section,196,Penal Code.pdf,31,දණ්ඩ නීති සංග්_රහය.pdf,55,,,,
alignment-520cc3be8d7f0416,penal_code,section,197,Penal Code.pdf,31,දණ්ඩ නීති සංග්_රහය.pdf,55,,,,
alignment-f40aed5b892f04e1,penal_code,section,199,Penal Code.pdf,31,දණ්ඩ නීති සංග්_රහය.pdf,56,,,,
alignment-427e31c28d93b8df,penal_code,section,2,Penal Code.pdf,1,දණ්ඩ නීති සංග්_රහය.pdf,2,,,,
alignment-74a782e03f972579,penal_code,section,209,Penal Code.pdf,32,දණ්ඩ නීති සංග්_රහය.pdf,58,,,,
alignment-63d91e13e077a03b,penal_code,section,211,Penal Code.pdf,33,දණ්ඩ නීති සංග්_රහය.pdf,59,,,,
alignment-c7cef8873f17b227,penal_code,section,217,Penal Code.pdf,34,දණ්ඩ නීති සංග්_රහය.pdf,62,,,,
alignment-4e864908bf309138,penal_code,section,22,Penal Code.pdf,4,දණ්ඩ නීති සංග්_රහය.pdf,7,,,,
alignment-f9d692babf8f5456,penal_code,section,23,Penal Code.pdf,4,දණ්ඩ නීති සංග්_රහය.pdf,7,,,,
alignment-00a871d7a80220e8,penal_code,section,243,Penal Code.pdf,37,දණ්ඩ නීති සංග්_රහය.pdf,68,,,,
alignment-000648b49d525e07,penal_code,section,25,Penal Code.pdf,4,දණ්ඩ නීති සංග්_රහය.pdf,7,,,,
alignment-89b8cc44ccc6da38,penal_code,section,258,Penal Code.pdf,39,දණ්ඩ නීති සංග්_රහය.pdf,71,,,,
alignment-8aaafd99bfeb9d34,penal_code,section,259,Penal Code.pdf,39,දණ්ඩ නීති සංග්_රහය.pdf,71,,,,
alignment-43225d834c97c326,penal_code,section,26,Penal Code.pdf,4,දණ්ඩ නීති සංග්_රහය.pdf,7,,,,
alignment-e2e617844610cfc3,penal_code,section,264,Penal Code.pdf,40,දණ්ඩ නීති සංග්_රහය.pdf,72,,,,
alignment-53c3b148c366f297,penal_code,section,279,Penal Code.pdf,41,දණ්ඩ නීති සංග්_රහය.pdf,75,,,,
alignment-25843c1aa6115ca0,penal_code,section,280,Penal Code.pdf,41,දණ්ඩ නීති සංග්_රහය.pdf,75,,,,
alignment-928bbd4b40870b3f,penal_code,section,288,Penal Code.pdf,43,දණ්ඩ නීති සංග්_රහය.pdf,77,,,,
alignment-e795bb2a1c338bd1,penal_code,section,291,Penal Code.pdf,44,දණ්ඩ නීති සංග්_රහය.pdf,77,,,,
alignment-257952de11b5e3fa,penal_code,section,296,Penal Code.pdf,46,දණ්ඩ නීති සංග්_රහය.pdf,82,,,,
alignment-d7d8447bddfa76fe,penal_code,section,30,Penal Code.pdf,5,දණ්ඩ නීති සංග්_රහය.pdf,8,,,,
alignment-476930c373339c57,penal_code,section,305,Penal Code.pdf,47,දණ්ඩ නීති සංග්_රහය.pdf,84,,,,
alignment-da604a71b008d43f,penal_code,section,308,Penal Code.pdf,48,දණ්ඩ නීති සංග්_රහය.pdf,84,,,,
alignment-62ee204d52b1069e,penal_code,section,31,Penal Code.pdf,5,දණ්ඩ නීති සංග්_රහය.pdf,9,,,,
alignment-c81cac7b775bd302,penal_code,section,314,Penal Code.pdf,49,දණ්ඩ නීති සංග්_රහය.pdf,86,,,,
alignment-e06bd45a5fa97055,penal_code,section,318,Penal Code.pdf,49,දණ්ඩ නීති සංග්_රහය.pdf,87,,,,
alignment-9d2dce6e23d1a02a,penal_code,section,319,Penal Code.pdf,49,දණ්ඩ නීති සංග්_රහය.pdf,87,,,,
alignment-ad9bee68ee06d92e,penal_code,section,321,Penal Code.pdf,50,දණ්ඩ නීති සංග්_රහය.pdf,87,,,,
alignment-a67172710f325b95,penal_code,section,325,Penal Code.pdf,50,දණ්ඩ නීති සංග්_රහය.pdf,89,,,,
alignment-c95faa27a32013bd,penal_code,section,328,Penal Code.pdf,50,දණ්ඩ නීති සංග්_රහය.pdf,89,,,,
alignment-f203dee4281c5713,penal_code,section,333,Penal Code.pdf,51,දණ්ඩ නීති සංග්_රහය.pdf,90,,,,
alignment-fefd3a330df1ced3,penal_code,section,340,Penal Code.pdf,51,දණ්ඩ නීති සංග්_රහය.pdf,91,,,,
alignment-5147dec66caffe27,penal_code,section,344,Penal Code.pdf,53,දණ්ඩ නීති සංග්_රහය.pdf,94,,,,
alignment-9ab2ceb926e13b3f,penal_code,section,345,Penal Code.pdf,53,දණ්ඩ නීති සංග්_රහය.pdf,94,,,,
alignment-210b4612a1fdf970,penal_code,section,346,Penal Code.pdf,53,දණ්ඩ නීති සංග්_රහය.pdf,94,,,,
alignment-1c2e1cc9151e1222,penal_code,section,353,Penal Code.pdf,54,දණ්ඩ නීති සංග්_රහය.pdf,88,,,,
alignment-dd9b32f65e3a523b,penal_code,section,355,Penal Code.pdf,54,දණ්ඩ නීති සංග්_රහය.pdf,96,,,,
alignment-f7ef49495f0f705c,penal_code,section,356,Penal Code.pdf,54,දණ්ඩ නීති සංග්_රහය.pdf,96,,,,
alignment-5adf7818218c4eb7,penal_code,section,358,Penal Code.pdf,55,දණ්ඩ නීති සංග්_රහය.pdf,96,,,,
alignment-73715a44a305858b,penal_code,section,359,Penal Code.pdf,55,දණ්ඩ නීති සංග්_රහය.pdf,96,,,,
alignment-d2bfff6614e72779,penal_code,section,360,Penal Code.pdf,56,දණ්ඩ නීති සංග්_රහය.pdf,97,,,,
alignment-6c864e90224840b0,penal_code,section,366,Penal Code.pdf,61,දණ්ඩ නීති සංග්_රහය.pdf,100,,,,
alignment-3b7ba213d1f658c7,penal_code,section,369,Penal Code.pdf,63,දණ්ඩ නීති සංග්_රහය.pdf,102,,,,
alignment-967cdfa9aedb650b,penal_code,section,377,Penal Code.pdf,63,දණ්ඩ නීති සංග්_රහය.pdf,104,,,,
alignment-7a95340cf697b588,penal_code,section,378,Penal Code.pdf,63,දණ්ඩ නීති සංග්_රහය.pdf,104,,,,
alignment-38108ba94abd9064,penal_code,section,379,Penal Code.pdf,64,දණ්ඩ නීති සංග්_රහය.pdf,104,,,,
alignment-fcad85d4d1b02e9e,penal_code,section,380,Penal Code.pdf,64,දණ්ඩ නීති සංග්_රහය.pdf,89,,,,
alignment-cce1443b4d9e3410,penal_code,section,385,Penal Code.pdf,64,දණ්ඩ නීති සංග්_රහය.pdf,106,,,,
alignment-d89d8728743e74d9,penal_code,section,387,Penal Code.pdf,65,දණ්ඩ නීති සංග්_රහය.pdf,107,,,,
alignment-e0d8a0e18fe917da,penal_code,section,390,Penal Code.pdf,66,දණ්ඩ නීති සංග්_රහය.pdf,87,,,,
alignment-fd0a0cde9c42c485,penal_code,section,396,Penal Code.pdf,67,දණ්ඩ නීති සංග්_රහය.pdf,110,,,,
alignment-21b9fba81cc43945,penal_code,section,399,Penal Code.pdf,68,දණ්ඩ නීති සංග්_රහය.pdf,112,,,,
alignment-e224943533c3fb39,penal_code,section,4,Penal Code.pdf,2,දණ්ඩ නීති සංග්_රහය.pdf,2,,,,
alignment-7cd7db517a4d5aa1,penal_code,section,400,Penal Code.pdf,68,දණ්ඩ නීති සංග්_රහය.pdf,112,,,,
alignment-b8be2252a76624bc,penal_code,section,401,Penal Code.pdf,68,දණ්ඩ නීති සංග්_රහය.pdf,112,,,,
alignment-1b25d5c302dbb894,penal_code,section,402,Penal Code.pdf,68,දණ්ඩ නීති සංග්_රහය.pdf,112,,,,
alignment-77d91e2abb4c48f0,penal_code,section,403,Penal Code.pdf,68,දණ්ඩ නීති සංග්_රහය.pdf,113,,,,
alignment-6d0592b01cdb8150,penal_code,section,404,Penal Code.pdf,68,දණ්ඩ නීති සංග්_රහය.pdf,113,,,,
alignment-1b9d9b43d5da493e,penal_code,section,405,Penal Code.pdf,68,දණ්ඩ නීති සංග්_රහය.pdf,113,,,,
alignment-6ceb21f6a3c1334e,penal_code,section,406,Penal Code.pdf,68,දණ්ඩ නීති සංග්_රහය.pdf,113,,,,
alignment-7eea8dd29514c34d,penal_code,section,407,Penal Code.pdf,69,දණ්ඩ නීති සංග්_රහය.pdf,113,,,,
alignment-392ab53286b6090e,penal_code,section,409,Penal Code.pdf,69,දණ්ඩ නීති සංග්_රහය.pdf,114,,,,
alignment-cb6270b1bbc64b53,penal_code,section,410,Penal Code.pdf,69,දණ්ඩ නීති සංග්_රහය.pdf,115,,,,
alignment-8e99ab5264d34715,penal_code,section,411,Penal Code.pdf,69,දණ්ඩ නීති සංග්_රහය.pdf,115,,,,
alignment-b4917e6399e99073,penal_code,section,414,Penal Code.pdf,70,දණ්ඩ නීති සංග්_රහය.pdf,115,,,,
alignment-bad0832dc5b9c25c,penal_code,section,415,Penal Code.pdf,70,දණ්ඩ නීති සංග්_රහය.pdf,115,,,,
alignment-d1bd15b078b19b81,penal_code,section,416,Penal Code.pdf,70,දණ්ඩ නීති සංග්_රහය.pdf,116,,,,
alignment-b64a1351368fb6c5,penal_code,section,417,Penal Code.pdf,70,දණ්ඩ නීති සංග්_රහය.pdf,116,,,,
alignment-af08827fb7bc948c,penal_code,section,419,Penal Code.pdf,70,දණ්ඩ නීති සංග්_රහය.pdf,116,,,,
alignment-1c59630419e616fe,penal_code,section,420,Penal Code.pdf,70,දණ්ඩ නීති සංග්_රහය.pdf,116,,,,
alignment-da9d67e9daa8f9a9,penal_code,section,421,Penal Code.pdf,70,දණ්ඩ නීති සංග්_රහය.pdf,116,,,,
alignment-580f8e64a9f5f001,penal_code,section,429,Penal Code.pdf,71,දණ්ඩ නීති සංග්_රහය.pdf,118,,,,
alignment-5d1e35739bab7db0,penal_code,section,436,Penal Code.pdf,72,දණ්ඩ නීති සංග්_රහය.pdf,120,,,,
alignment-cc3951261ffdaa54,penal_code,section,441,Penal Code.pdf,73,දණ්ඩ නීති සංග්_රහය.pdf,121,,,,
alignment-418fd67949a965e3,penal_code,section,444,Penal Code.pdf,73,දණ්ඩ නීති සංග්_රහය.pdf,121,,,,
alignment-aa9768306a1bb9da,penal_code,section,445,Penal Code.pdf,73,දණ්ඩ නීති සංග්_රහය.pdf,121,,,,
alignment-b5c8e5475e23f865,penal_code,section,446,Penal Code.pdf,73,දණ්ඩ නීති සංග්_රහය.pdf,121,,,,
alignment-bb1c651b13265566,penal_code,section,447,Penal Code.pdf,73,දණ්ඩ නීති සංග්_රහය.pdf,122,,,,
alignment-d35c2c904987d1b4,penal_code,section,449,Penal Code.pdf,73,දණ්ඩ නීති සංග්_රහය.pdf,122,,,,
alignment-d0859f08bbea864c,penal_code,section,450,Penal Code.pdf,73,දණ්ඩ නීති සංග්_රහය.pdf,122,,,,
alignment-e47cd92c224e9fba,penal_code,section,451,Penal Code.pdf,73,දණ්ඩ නීති සංග්_රහය.pdf,122,,,,
alignment-7c2232703fc70843,penal_code,section,456,Penal Code.pdf,75,දණ්ඩ නීති සංග්_රහය.pdf,117,,,,
alignment-568419c5646ab44c,penal_code,section,457,Penal Code.pdf,75,දණ්ඩ නීති සංග්_රහය.pdf,126,,,,
alignment-6d1383b370fe35d1,penal_code,section,459,Penal Code.pdf,76,දණ්ඩ නීති සංග්_රහය.pdf,126,,,,
alignment-7c6767d5616e6983,penal_code,section,460,Penal Code.pdf,76,දණ්ඩ නීති සංග්_රහය.pdf,126,,,,
alignment-b71a6564999bcb74,penal_code,section,461,Penal Code.pdf,76,දණ්ඩ නීති සංග්_රහය.pdf,126,,,,
alignment-6b856a3d31e0594d,penal_code,section,464,Penal Code.pdf,76,දණ්ඩ නීති සංග්_රහය.pdf,127,,,,
alignment-0bf1254ac293fa2a,penal_code,section,465,Penal Code.pdf,76,දණ්ඩ නීති සංග්_රහය.pdf,127,,,,
alignment-f8c15d2a07bbeda2,penal_code,section,467,Penal Code.pdf,76,දණ්ඩ නීති සංග්_රහය.pdf,128,,,,
alignment-0df0609336a7ce6d,penal_code,section,468,Penal Code.pdf,77,දණ්ඩ නීති සංග්_රහය.pdf,128,,,,
alignment-f241eead7f03318e,penal_code,section,469,Penal Code.pdf,77,දණ්ඩ නීති සංග්_රහය.pdf,129,,,,
alignment-93558da4df5205eb,penal_code,section,471,Penal Code.pdf,77,දණ්ඩ නීති සංග්_රහය.pdf,129,,,,
alignment-6b96b02b41511d56,penal_code,section,476,Penal Code.pdf,77,දණ්ඩ නීති සංග්_රහය.pdf,130,,,,
alignment-2df005bc75c45555,penal_code,section,477,Penal Code.pdf,78,දණ්ඩ නීති සංග්_රහය.pdf,130,,,,
alignment-397e1580a240d6e5,penal_code,section,54,Penal Code.pdf,7,දණ්ඩ නීති සංග්_රහය.pdf,12,,,,
alignment-3fb669c08d26cdc7,penal_code,section,56,Penal Code.pdf,7,දණ්ඩ නීති සංග්_රහය.pdf,12,,,,
alignment-5737221c51a309ba,penal_code,section,57,Penal Code.pdf,7,දණ්ඩ නීති සංග්_රහය.pdf,13,,,,
alignment-afd8a467262150b8,penal_code,section,6,Penal Code.pdf,2,දණ්ඩ නීති සංග්_රහය.pdf,3,,,,
alignment-8cafef6e2682803b,penal_code,section,68,Penal Code.pdf,8,දණ්ඩ නීති සංග්_රහය.pdf,14,,,,
alignment-1bd19d521e1dd137,penal_code,section,69,Penal Code.pdf,8,දණ්ඩ නීති සංග්_රහය.pdf,14,,,,
alignment-724dd4fb87f30a1b,penal_code,section,7,Penal Code.pdf,2,දණ්ඩ නීති සංග්_රහය.pdf,3,,,,
alignment-8d20958e6f45a89c,penal_code,section,70,Penal Code.pdf,8,දණ්ඩ නීති සංග්_රහය.pdf,14,,,,
alignment-323843e6e9d13a62,penal_code,section,71,Penal Code.pdf,8,දණ්ඩ නීති සංග්_රහය.pdf,14,,,,
alignment-81a19c8cd7e84a26,penal_code,section,75,Penal Code.pdf,9,දණ්ඩ නීති සංග්_රහය.pdf,16,,,,
alignment-2efddf915813faf1,penal_code,section,77,Penal Code.pdf,9,දණ්ඩ නීති සංග්_රහය.pdf,16,,,,
alignment-b5edb3707fef278e,penal_code,section,8,Penal Code.pdf,2,දණ්ඩ නීති සංග්_රහය.pdf,3,,,,
alignment-9470605425f0b375,penal_code,section,80,Penal Code.pdf,10,දණ්ඩ නීති සංග්_රහය.pdf,16,,,,
alignment-c9ff19bc849d28c4,penal_code,section,81,Penal Code.pdf,10,දණ්ඩ නීති සංග්_රහය.pdf,17,,,,
alignment-767e062e651ac7e4,penal_code,section,83,Penal Code.pdf,10,දණ්ඩ නීති සංග්_රහය.pdf,18,,,,
alignment-1bc925b04914d906,penal_code,section,85,Penal Code.pdf,11,දණ්ඩ නීති සංග්_රහය.pdf,18,,,,
alignment-2dda2754e61de66b,penal_code,section,86,Penal Code.pdf,11,දණ්ඩ නීති සංග්_රහය.pdf,10,,,,
alignment-5f3a5abe7247c380,penal_code,section,87,Penal Code.pdf,11,දණ්ඩ නීති සංග්_රහය.pdf,10,,,,
alignment-4c9ec87217a57473,penal_code,section,88,Penal Code.pdf,12,දණ්ඩ නීති සංග්_රහය.pdf,20,,,,
alignment-6074fdd467d14f88,penal_code,section,89,Penal Code.pdf,12,දණ්ඩ නීති සංග්_රහය.pdf,20,,,,
alignment-e8cbac0e24c222d2,penal_code,section,90,Penal Code.pdf,12,දණ්ඩ නීති සංග්_රහය.pdf,20,,,,
alignment-bb57d9d477b98b9e,penal_code,section,91,Penal Code.pdf,12,දණ්ඩ නීති සංග්_රහය.pdf,20,,,,
alignment-2d80dcfe8673dae5,penal_code,section,94,Penal Code.pdf,13,දණ්ඩ නීති සංග්_රහය.pdf,22,,,,
alignment-143437131ffd009e,penal_code,section,96,Penal Code.pdf,13,දණ්ඩ නීති සංග්_රහය.pdf,22,,,,
alignment-ad4afcf2c09da5ac,penal_code,section,97,Penal Code.pdf,13,දණ්ඩ නීති සංග්_රහය.pdf,22,,,,
alignment-9011447ee198f9b2,penal_code,section,98,Penal Code.pdf,13,දණ්ඩ නීති සංග්_රහය.pdf,8,,,,
